日期,,,付款方式,付款名稱,金額
4/1/15,,,現金,現金,"15,900"
,,,,小計,"15,900"
4/2/15,,,現金,現金,"6,460"
,,,信用卡,信用卡,"14,100"
,,,,小計,"20,560"
4/3/15,,,現金,現金,"32,070"
,,,信用卡,信用卡,"3,100"
,,,,小計,"35,170"
4/4/15,,,現金,現金,"44,150"
,,,信用卡,信用卡,"1,260"
,,,,小計,"45,410"
4/5/15,,,現金,現金,"47,990"
,,,信用卡,信用卡,"4,300"
,,,,小計,"52,290"
4/6/15,,,信用卡,信用卡,700
,,,現金,現金,"63,900"
,,,,小計,"64,600"
4/7/15,,,現金,現金,"9,530"
,,,信用卡,信用卡,"1,250"
,,,,小計,"10,780"
4/8/15,,,現金,現金,"13,210"
,,,信用卡,信用卡,250
,,,,小計,"13,460"
4/9/15,,,現金,現金,"8,230"
,,,,小計,"8,230"
4/10/15,,,現金,現金,"25,840"
,,,信用卡,信用卡,"-10,100"
,,,,小計,"15,740"
4/11/15,,,現金,現金,"25,220"
,,,,小計,"25,220"
4/12/15,,,現金,現金,"17,720"
,,,,小計,"17,720"
4/13/15,,,現金,現金,"6,150"
,,,,小計,"6,150"
4/14/15,,,現金,現金,"-3,110"
,,,信用卡,信用卡,"10,500"
,,,,小計,"7,390"
4/15/15,,,現金,現金,"8,880"
,,,信用卡,信用卡,"-3,400"
,,,,小計,"5,480"
4/16/15,,,現金,現金,"8,600"
,,,,小計,"8,600"
4/17/15,,,現金,現金,"33,720"
,,,信用卡,信用卡,"3,200"
,,,,小計,"36,920"
4/18/15,,,現金,現金,"18,020"
,,,,小計,"18,020"
4/19/15,,,現金,現金,"15,950"
,,,,小計,"15,950"
4/20/15,,,現金,現金,"16,450"
,,,,小計,"16,450"
4/21/15,,,現金,現金,"5,900"
,,,,小計,"5,900"
4/22/15,,,現金,現金,"12,380"
,,,,小計,"12,380"
4/23/15,,,現金,現金,"8,040"
,,,,小計,"8,040"
4/24/15,,,現金,現金,"33,800"
,,,信用卡,信用卡,"7,590"
,,,,小計,"41,390"
4/25/15,,,現金,現金,"18,220"
,,,,小計,"18,220"
4/26/15,,,信用卡,信用卡,500
,,,現金,現金,"21,520"
,,,,小計,"22,020"
4/27/15,,,現金,現金,"49,240"
,,,信用卡,信用卡,"57,100"
,,,,小計,"106,340"
4/28/15,,,現金,現金,"5,080"
,,,信用卡,信用卡,"1,800"
,,,,小計,"6,880"
4/29/15,,,現金,現金,"5,050"
,,,,小計,"5,050"
4/30/15,,,現金,現金,"26,590"
,,,信用卡,信用卡,"5,200"
,,,,小計,"31,790"
5/1/15,,,現金,現金,"14,930"
,,,信用卡,信用卡,200
,,,,小計,"15,130"
5/2/15,,,現金,現金,"48,490"
,,,信用卡,信用卡,"2,980"
,,,,小計,"51,470"
5/3/15,,,現金,現金,"13,330"
,,,信用卡,信用卡,"1,700"
,,,,小計,"15,030"
5/4/15,,,現金,現金,"39,200"
,,,,小計,"39,200"
5/5/15,,,現金,現金,"12,250"
,,,,小計,"12,250"
5/6/15,,,現金,現金,"18,150"
,,,,小計,"18,150"
5/7/15,,,現金,現金,"20,440"
,,,,小計,"20,440"
5/8/15,,,現金,現金,"35,310"
,,,信用卡,信用卡,"2,550"
,,,,小計,"37,860"
5/9/15,,,現金,現金,"37,300"
,,,信用卡,信用卡,"3,000"
,,,,小計,"40,300"
5/10/15,,,現金,現金,"17,150"
,,,信用卡,信用卡,"1,240"
,,,,小計,"18,390"
5/11/15,,,現金,現金,"10,450"
,,,信用卡,信用卡,"1,800"
,,,,小計,"12,250"
5/12/15,,,現金,現金,"13,780"
,,,信用卡,信用卡,"2,700"
,,,,小計,"16,480"
5/13/15,,,現金,現金,"8,200"
,,,信用卡,信用卡,"6,600"
,,,,小計,"14,800"
5/14/15,,,現金,現金,"6,800"
,,,,小計,"6,800"
5/15/15,,,現金,現金,"35,650"
,,,信用卡,信用卡,"13,450"
,,,,小計,"49,100"
5/16/15,,,現金,現金,"27,090"
,,,,小計,"27,090"
5/17/15,,,現金,現金,"30,210"
,,,,小計,"30,210"
5/18/15,,,信用卡,信用卡,550
,,,現金,現金,"11,810"
,,,,小計,"12,360"
5/19/15,,,現金,現金,"16,380"
,,,信用卡,信用卡,"1,250"
,,,,小計,"17,630"
5/20/15,,,現金,現金,"8,825"
,,,信用卡,信用卡,"5,900"
,,,,小計,"14,725"
5/21/15,,,現金,現金,"25,590"
,,,信用卡,信用卡,"1,600"
,,,,小計,"27,190"
5/22/15,,,現金,現金,"9,890"
,,,信用卡,信用卡,"2,250"
,,,,小計,"12,140"
5/23/15,,,現金,現金,"41,785"
,,,信用卡,信用卡,550
,,,,小計,"42,335"
5/24/15,,,現金,現金,"12,320"
,,,信用卡,信用卡,"2,500"
,,,,小計,"14,820"
5/25/15,,,現金,現金,"7,910"
,,,信用卡,信用卡,"2,100"
,,,,小計,"10,010"
5/26/15,,,現金,現金,"3,510"
,,,,小計,"3,510"
5/27/15,,,現金,現金,"6,640"
,,,,小計,"6,640"
5/28/15,,,現金,現金,"4,880"
,,,信用卡,信用卡,"10,600"
,,,,小計,"15,480"
5/29/15,,,現金,現金,"12,460"
,,,信用卡,信用卡,"1,200"
,,,,小計,"13,660"
5/30/15,,,現金,現金,"32,860"
,,,,小計,"32,860"
5/31/15,,,現金,現金,"6,320"
,,,信用卡,信用卡,"2,250"
,,,,小計,"8,570"
6/1/15,,,現金,現金,"7,960"
,,,,小計,"7,960"
6/2/15,,,現金,現金,"7,650"
,,,,小計,"7,650"
6/3/15,,,現金,現金,"3,080"
,,,,小計,"3,080"
6/4/15,,,現金,現金,"12,889"
,,,信用卡,信用卡,"4,200"
,,,,小計,"17,089"
6/5/15,,,現金,現金,"21,760"
,,,,小計,"21,760"
6/6/15,,,現金,現金,"14,150"
,,,,小計,"14,150"
6/7/15,,,現金,現金,"16,610"
,,,信用卡,信用卡,"2,380"
,,,,小計,"18,990"
6/8/15,,,現金,現金,"17,610"
,,,信用卡,信用卡,"1,350"
,,,,小計,"18,960"
6/9/15,,,現金,現金,"9,438"
,,,信用卡,信用卡,580
,,,,小計,"10,018"
6/10/15,,,現金,現金,"9,598"
,,,,小計,"9,598"
6/11/15,,,現金,現金,"15,007"
,,,,小計,"15,007"
6/12/15,,,信用卡,信用卡,990
,,,現金,現金,"10,710"
,,,,小計,"11,700"
6/13/15,,,現金,現金,"6,830"
,,,信用卡,信用卡,630
,,,,小計,"7,460"
6/14/15,,,現金,現金,"8,190"
,,,,小計,"8,190"
6/15/15,,,現金,現金,"14,120"
,,,,小計,"14,120"
6/16/15,,,現金,現金,"7,630"
,,,,小計,"7,630"
6/17/15,,,現金,現金,"13,180"
,,,,小計,"13,180"
6/18/15,,,現金,現金,"10,228"
,,,信用卡,信用卡,"1,600"
,,,,小計,"11,828"
6/19/15,,,現金,現金,"39,240"
,,,信用卡,信用卡,"7,440"
,,,,小計,"46,680"
6/20/15,,,現金,現金,"20,140"
,,,信用卡,信用卡,"1,500"
,,,,小計,"21,640"
6/21/15,,,現金,現金,"9,358"
,,,,小計,"9,358"
6/22/15,,,現金,現金,"7,159"
,,,,小計,"7,159"
6/23/15,,,現金,現金,"13,609"
,,,信用卡,信用卡,850
,,,,小計,"14,459"
6/24/15,,,現金,現金,"7,168"
,,,信用卡,信用卡,"2,000"
,,,,小計,"9,168"
6/25/15,,,現金,現金,"9,220"
,,,,小計,"9,220"
6/26/15,,,現金,現金,"13,938"
,,,信用卡,信用卡,"1,350"
,,,,小計,"15,288"
6/27/15,,,現金,現金,"14,048"
,,,信用卡,信用卡,540
,,,,小計,"14,588"
6/28/15,,,現金,現金,"7,800"
,,,,小計,"7,800"
6/29/15,,,現金,現金,"5,580"
,,,,小計,"5,580"
6/30/15,,,現金,現金,"10,660"
,,,信用卡,信用卡,"4,100"
,,,,小計,"14,760"
7/1/15,,,現金,現金,"9,100"
,,,,小計,"9,100"
7/2/15,,,現金,現金,"4,730"
,,,,小計,"4,730"
7/3/15,,,現金,現金,"20,760"
,,,,小計,"20,760"
7/4/15,,,現金,現金,"32,568"
,,,信用卡,信用卡,"2,740"
,,,,小計,"35,308"
7/5/15,,,現金,現金,"13,860"
,,,信用卡,信用卡,"1,300"
,,,,小計,"15,160"
7/6/15,,,現金,現金,"24,289"
,,,,小計,"24,289"
7/7/15,,,現金,現金,"14,980"
,,,信用卡,信用卡,"4,500"
,,,,小計,"19,480"
7/8/15,,,現金,現金,"28,800"
,,,信用卡,信用卡,"11,450"
,,,,小計,"40,250"
7/9/15,,,現金,現金,"18,490"
,,,,小計,"18,490"
7/10/15,,,現金,現金,"16,009"
,,,信用卡,信用卡,"2,800"
,,,,小計,"18,809"
7/11/15,,,現金,現金,"21,420"
,,,信用卡,信用卡,720
,,,,小計,"22,140"
7/12/15,,,現金,現金,"20,120"
,,,,小計,"20,120"
7/13/15,,,現金,現金,"12,290"
,,,,小計,"12,290"
7/14/15,,,現金,現金,"39,790"
,,,,小計,"39,790"
7/15/15,,,現金,現金,"19,330"
,,,,小計,"19,330"
7/16/15,,,現金,現金,"24,280"
,,,信用卡,信用卡,"3,500"
,,,,小計,"27,780"
7/17/15,,,現金,現金,"10,420"
,,,信用卡,信用卡,"3,100"
,,,,小計,"13,520"
7/18/15,,,現金,現金,"28,080"
,,,信用卡,信用卡,"6,550"
,,,,小計,"34,630"
7/19/15,,,信用卡,信用卡,"2,900"
,,,現金,現金,"10,140"
,,,,小計,"13,040"
7/20/15,,,信用卡,信用卡,"3,150"
,,,現金,現金,"7,860"
,,,,小計,"11,010"
7/21/15,,,現金,現金,"20,140"
,,,,小計,"20,140"
7/22/15,,,現金,現金,"6,510"
,,,,小計,"6,510"
7/23/15,,,現金,現金,"31,128"
,,,信用卡,信用卡,"1,699"
,,,,小計,"32,827"
7/24/15,,,現金,現金,"20,095"
,,,信用卡,信用卡,"1,500"
,,,,小計,"21,595"
7/25/15,,,現金,現金,"32,830"
,,,信用卡,信用卡,"3,250"
,,,,小計,"36,080"
7/26/15,,,現金,現金,"10,980"
,,,信用卡,信用卡,"4,540"
,,,,小計,"15,520"
7/27/15,,,現金,現金,"14,380"
,,,信用卡,信用卡,"3,150"
,,,,小計,"17,530"
7/28/15,,,信用卡,信用卡,"3,400"
,,,現金,現金,"22,090"
,,,,小計,"25,490"
7/29/15,,,現金,現金,"26,520"
,,,信用卡,信用卡,"3,700"
,,,,小計,"30,220"
7/30/15,,,現金,現金,"8,545"
,,,信用卡,信用卡,680
,,,,小計,"9,225"
7/31/15,,,信用卡,信用卡,"3,000"
,,,現金,現金,"30,819"
,,,,小計,"33,819"
8/1/15,,,信用卡,信用卡,"19,520"
,,,現金,現金,"23,250"
,,,,小計,"42,770"
8/2/15,,,現金,現金,"47,529"
,,,信用卡,信用卡,"33,020"
,,,,小計,"80,549"
8/3/15,,,現金,現金,"11,410"
,,,信用卡,信用卡,"3,600"
,,,,小計,"15,010"
8/4/15,,,現金,現金,"42,480"
,,,,小計,"42,480"
8/5/15,,,現金,現金,"22,200"
,,,信用卡,信用卡,"2,034"
,,,,小計,"24,234"
8/6/15,,,現金,現金,"136,599"
,,,,小計,"136,599"
8/7/15,,,現金,現金,"18,770"
,,,信用卡,信用卡,"1,490"
,,,,小計,"20,260"
8/8/15,,,現金,現金,"18,195"
,,,信用卡,信用卡,"33,959"
,,,,小計,"52,154"
8/9/15,,,現金,現金,"16,301"
,,,,小計,"16,301"
8/10/15,,,信用卡,信用卡,"4,810"
,,,現金,現金,"22,619"
,,,,小計,"27,429"
8/11/15,,,現金,現金,"19,130"
,,,,小計,"19,130"
8/12/15,,,現金,現金,"26,230"
,,,信用卡,信用卡,"9,240"
,,,,小計,"35,470"
8/13/15,,,現金,現金,"19,301"
,,,信用卡,信用卡,"3,590"
,,,,小計,"22,891"
8/14/15,,,現金,現金,"22,765"
,,,信用卡,信用卡,"2,700"
,,,,小計,"25,465"
8/15/15,,,現金,現金,"28,172"
,,,信用卡,信用卡,"3,000"
,,,,小計,"31,172"
8/16/15,,,現金,現金,"11,169"
,,,信用卡,信用卡,"2,500"
,,,,小計,"13,669"
8/17/15,,,現金,現金,"24,254"
,,,信用卡,信用卡,"6,298"
,,,,小計,"30,552"
8/18/15,,,信用卡,信用卡,"6,990"
,,,現金,現金,"12,319"
,,,,小計,"19,309"
8/19/15,,,現金,現金,"22,046"
,,,信用卡,信用卡,"2,390"
,,,,小計,"24,436"
8/20/15,,,現金,現金,"16,008"
,,,,小計,"16,008"
8/21/15,,,現金,現金,"13,516"
,,,信用卡,信用卡,"12,548"
,,,,小計,"26,064"
8/22/15,,,現金,現金,"10,439"
,,,信用卡,信用卡,"10,870"
,,,,小計,"21,309"
8/23/15,,,信用卡,信用卡,"5,730"
,,,現金,現金,"20,778"
,,,,小計,"26,508"
8/24/15,,,現金,現金,"16,890"
,,,信用卡,信用卡,600
,,,,小計,"17,490"
8/25/15,,,現金,現金,"18,730"
,,,信用卡,信用卡,"19,320"
,,,,小計,"38,050"
8/26/15,,,現金,現金,"19,660"
,,,信用卡,信用卡,"2,590"
,,,,小計,"22,250"
8/27/15,,,現金,現金,"7,840"
,,,信用卡,信用卡,"4,140"
,,,,小計,"11,980"
8/28/15,,,現金,現金,"13,920"
,,,信用卡,信用卡,"15,199"
,,,,小計,"29,119"
8/29/15,,,現金,現金,"50,090"
,,,信用卡,信用卡,"14,800"
,,,,小計,"64,890"
8/30/15,,,信用卡,信用卡,"138,197"
,,,現金,現金,"83,688"
,,,,小計,"221,885"
8/31/15,,,現金,現金,"310,060"
,,,信用卡,信用卡,"3,950"
,,,,小計,"314,010"
9/1/15,,,現金,現金,"-7,915"
,,,,小計,"-7,915"
9/2/15,,,現金,現金,"13,180"
,,,信用卡,信用卡,"6,890"
,,,,小計,"20,070"
9/3/15,,,現金,現金,"15,449"
,,,信用卡,信用卡,400
,,,,小計,"15,849"
9/4/15,,,現金,現金,"17,269"
,,,,小計,"17,269"
9/5/15,,,現金,現金,"44,885"
,,,信用卡,信用卡,"2,700"
,,,,小計,"47,585"
9/6/15,,,現金,現金,"25,049"
,,,信用卡,信用卡,"4,500"
,,,,小計,"29,549"
9/7/15,,,現金,現金,"20,335"
,,,信用卡,信用卡,"1,680"
,,,,小計,"22,015"
9/8/15,,,現金,現金,"6,950"
,,,信用卡,信用卡,"1,399"
,,,,小計,"8,349"
9/9/15,,,現金,現金,"20,387"
,,,,小計,"20,387"
9/10/15,,,現金,現金,"23,245"
,,,,小計,"23,245"
9/11/15,,,現金,現金,"27,327"
,,,信用卡,信用卡,325
,,,,小計,"27,652"
9/12/15,,,現金,現金,"38,639"
,,,信用卡,信用卡,"6,240"
,,,,小計,"44,879"
9/13/15,,,現金,現金,"24,997"
,,,信用卡,信用卡,990
,,,,小計,"25,987"
9/14/15,,,現金,現金,"19,948"
,,,信用卡,信用卡,"1,600"
,,,,小計,"21,548"
9/15/15,,,現金,現金,"12,298"
,,,,小計,"12,298"
9/16/15,,,現金,現金,"10,298"
,,,,小計,"10,298"
9/17/15,,,現金,現金,"14,190"
,,,,小計,"14,190"
9/18/15,,,現金,現金,"20,868"
,,,信用卡,信用卡,"1,000"
,,,,小計,"21,868"
9/19/15,,,現金,現金,"19,949"
,,,,小計,"19,949"
9/20/15,,,現金,現金,"15,529"
,,,,小計,"15,529"
9/21/15,,,現金,現金,"20,548"
,,,信用卡,信用卡,"1,350"
,,,,小計,"21,898"
9/22/15,,,現金,現金,"13,908"
,,,,小計,"13,908"
9/23/15,,,現金,現金,"31,248"
,,,信用卡,信用卡,450
,,,,小計,"31,698"
9/24/15,,,現金,現金,"4,270"
,,,信用卡,信用卡,"3,360"
,,,,小計,"7,630"
9/25/15,,,現金,現金,"9,648"
,,,信用卡,信用卡,"6,020"
,,,,小計,"15,668"
9/26/15,,,現金,現金,"17,208"
,,,信用卡,信用卡,"2,800"
,,,,小計,"20,008"
9/27/15,,,信用卡,信用卡,"9,700"
,,,現金,現金,"12,569"
,,,,小計,"22,269"
9/28/15,,,現金,現金,"19,909"
,,,信用卡,信用卡,"3,250"
,,,,小計,"23,159"
9/29/15,,,現金,現金,"17,000"
,,,信用卡,信用卡,950
,,,,小計,"17,950"
9/30/15,,,現金,現金,"41,942"
,,,,小計,"41,942"
10/1/15,,,現金,現金,"66,839"
,,,信用卡,信用卡,600
,,,,小計,"67,439"
10/2/15,,,信用卡,信用卡,"2,980"
,,,現金,現金,"11,309"
,,,,小計,"14,289"
10/3/15,,,現金,現金,"32,355"
,,,信用卡,信用卡,"4,230"
,,,,小計,"36,585"
10/4/15,,,現金,現金,"15,598"
,,,信用卡,信用卡,"5,020"
,,,,小計,"20,618"
10/5/15,,,現金,現金,"16,400"
,,,信用卡,信用卡,"1,700"
,,,,小計,"18,100"
10/6/15,,,現金,現金,"35,207"
,,,信用卡,信用卡,"8,400"
,,,,小計,"43,607"
10/7/15,,,現金,現金,"14,049"
,,,信用卡,信用卡,"1,689"
,,,,小計,"15,738"
10/8/15,,,現金,現金,"13,550"
,,,信用卡,信用卡,"31,400"
,,,,小計,"44,950"
10/9/15,,,現金,現金,"33,039"
,,,信用卡,信用卡,"4,600"
,,,,小計,"37,639"
10/10/15,,,現金,現金,"39,986"
,,,信用卡,信用卡,"23,279"
,,,,小計,"63,265"
10/11/15,,,現金,現金,"13,578"
,,,信用卡,信用卡,"2,539"
,,,,小計,"16,117"
10/12/15,,,現金,現金,"23,310"
,,,信用卡,信用卡,"3,810"
,,,,小計,"27,120"
10/13/15,,,現金,現金,"11,810"
,,,信用卡,信用卡,"14,250"
,,,,小計,"26,060"
10/14/15,,,現金,現金,"19,930"
,,,,小計,"19,930"
10/15/15,,,現金,現金,"8,019"
,,,,小計,"8,019"
10/16/15,,,信用卡,信用卡,750
,,,現金,現金,"6,929"
,,,,小計,"7,679"
10/17/15,,,信用卡,信用卡,"14,129"
,,,現金,現金,"25,808"
,,,,小計,"39,937"
10/18/15,,,現金,現金,"23,217"
,,,信用卡,信用卡,"2,800"
,,,,小計,"26,017"
10/19/15,,,現金,現金,"7,730"
,,,,小計,"7,730"
10/20/15,,,現金,現金,"13,220"
,,,信用卡,信用卡,"34,480"
,,,,小計,"47,700"
10/21/15,,,現金,現金,"23,760"
,,,信用卡,信用卡,"8,900"
,,,,小計,"32,660"
10/22/15,,,現金,現金,"3,020"
,,,信用卡,信用卡,"4,000"
,,,,小計,"7,020"
10/23/15,,,現金,現金,"73,990"
,,,信用卡,信用卡,"6,700"
,,,,小計,"80,690"
10/24/15,,,現金,現金,"28,500"
,,,信用卡,信用卡,"3,950"
,,,,小計,"32,450"
10/25/15,,,現金,現金,"20,930"
,,,信用卡,信用卡,"1,650"
,,,,小計,"22,580"
10/26/15,,,現金,現金,"49,790"
,,,,小計,"49,790"
10/27/15,,,現金,現金,"27,729"
,,,,小計,"27,729"
10/28/15,,,現金,現金,"9,689"
,,,,小計,"9,689"
10/29/15,,,現金,現金,"8,630"
,,,,小計,"8,630"
10/30/15,,,現金,現金,"45,174"
,,,信用卡,信用卡,950
,,,,小計,"46,124"
10/31/15,,,現金,現金,"34,020"
,,,信用卡,信用卡,"9,970"
,,,,小計,"43,990"
11/1/15,,,現金,現金,"62,260"
,,,,小計,"62,260"
11/2/15,,,信用卡,信用卡,"2,150"
,,,現金,現金,"6,600"
,,,,小計,"8,750"
11/3/15,,,現金,現金,"18,789"
,,,,小計,"18,789"
11/4/15,,,現金,現金,"30,260"
,,,,小計,"30,260"
11/5/15,,,現金,現金,"31,030"
,,,信用卡,信用卡,"3,750"
,,,,小計,"34,780"
11/6/15,,,現金,現金,"65,690"
,,,信用卡,信用卡,"1,800"
,,,,小計,"67,490"
11/7/15,,,現金,現金,"13,780"
,,,,小計,"13,780"
11/8/15,,,現金,現金,"66,849"
,,,信用卡,信用卡,"3,750"
,,,,小計,"70,599"
11/9/15,,,現金,現金,"17,820"
,,,,小計,"17,820"
11/10/15,,,現金,現金,"3,200"
,,,,小計,"3,200"
11/11/15,,,現金,現金,"50,800"
,,,信用卡,信用卡,"3,700"
,,,,小計,"54,500"
11/12/15,,,現金,現金,"23,800"
,,,,小計,"23,800"
11/13/15,,,現金,現金,"56,250"
,,,,小計,"56,250"
11/14/15,,,現金,現金,"51,090"
,,,,小計,"51,090"
11/15/15,,,現金,現金,"56,840"
,,,信用卡,信用卡,"9,500"
,,,,小計,"66,340"
11/16/15,,,現金,現金,"6,150"
,,,,小計,"6,150"
11/17/15,,,現金,現金,"2,250"
,,,,小計,"2,250"
11/18/15,,,現金,現金,"26,950"
,,,信用卡,信用卡,"9,500"
,,,,小計,"36,450"
11/19/15,,,現金,現金,"16,950"
,,,,小計,"16,950"
11/20/15,,,現金,現金,"29,540"
,,,,小計,"29,540"
11/21/15,,,現金,現金,"92,000"
,,,,小計,"92,000"
11/22/15,,,現金,現金,"38,924"
,,,,小計,"38,924"
11/23/15,,,現金,現金,"17,560"
,,,,小計,"17,560"
11/24/15,,,現金,現金,"79,078"
,,,,小計,"79,078"
11/25/15,,,現金,現金,"16,300"
,,,信用卡,信用卡,"4,750"
,,,,小計,"21,050"
11/26/15,,,現金,現金,"35,100"
,,,,小計,"35,100"
11/27/15,,,現金,現金,"68,855"
,,,,小計,"68,855"
11/28/15,,,現金,現金,"42,679"
,,,信用卡,信用卡,"3,150"
,,,,小計,"45,829"
11/29/15,,,現金,現金,"34,470"
,,,,小計,"34,470"
11/30/15,,,現金,現金,"59,866"
,,,信用卡,信用卡,"1,500"
,,,,小計,"61,366"
12/1/15,,,現金,現金,"47,295"
,,,信用卡,信用卡,"18,330"
,,,,小計,"65,625"
12/2/15,,,現金,現金,"74,920"
,,,信用卡,信用卡,"1,500"
,,,,小計,"76,420"
12/3/15,,,信用卡,信用卡,"78,395"
,,,現金,現金,"48,730"
,,,,小計,"127,125"
12/4/15,,,現金,現金,"22,500"
,,,,小計,"22,500"
12/5/15,,,現金,現金,"98,409"
,,,信用卡,信用卡,"45,000"
,,,,小計,"143,409"
12/6/15,,,現金,現金,"22,350"
,,,信用卡,信用卡,"10,400"
,,,,小計,"32,750"
12/7/15,,,現金,現金,"61,490"
,,,信用卡,信用卡,"22,270"
,,,,小計,"83,760"
12/8/15,,,現金,現金,"40,365"
,,,信用卡,信用卡,"4,130"
,,,,小計,"44,495"
12/9/15,,,現金,現金,"32,255"
,,,,小計,"32,255"
12/10/15,,,現金,現金,"55,580"
,,,信用卡,信用卡,"3,900"
,,,,小計,"59,480"
12/11/15,,,現金,現金,"30,453"
,,,信用卡,信用卡,"16,580"
,,,,小計,"47,033"
12/12/15,,,現金,現金,"49,930"
,,,信用卡,信用卡,"7,500"
,,,,小計,"57,430"
12/13/15,,,現金,現金,"131,884"
,,,信用卡,信用卡,"1,340"
,,,,小計,"133,224"
12/14/15,,,現金,現金,"15,748"
,,,信用卡,信用卡,"16,450"
,,,,小計,"32,198"
12/15/15,,,現金,現金,"18,050"
,,,信用卡,信用卡,"16,800"
,,,,小計,"34,850"
12/16/15,,,現金,現金,"48,530"
,,,信用卡,信用卡,"5,200"
,,,,小計,"53,730"
12/17/15,,,現金,現金,"44,400"
,,,信用卡,信用卡,"15,450"
,,,,小計,"59,850"
12/18/15,,,現金,現金,"30,169"
,,,信用卡,信用卡,"26,300"
,,,,小計,"56,469"
12/19/15,,,現金,現金,"128,165"
,,,信用卡,信用卡,"14,880"
,,,,小計,"143,045"
12/20/15,,,現金,現金,"62,435"
,,,信用卡,信用卡,"75,450"
,,,,小計,"137,885"
12/21/15,,,現金,現金,"35,664"
,,,信用卡,信用卡,"1,800"
,,,,小計,"37,464"
12/22/15,,,信用卡,信用卡,"6,500"
,,,現金,現金,"64,695"
,,,,小計,"71,195"
12/23/15,,,現金,現金,"13,445"
,,,信用卡,信用卡,"9,400"
,,,,小計,"22,845"
12/24/15,,,現金,現金,"36,850"
,,,信用卡,信用卡,"3,000"
,,,,小計,"39,850"
12/25/15,,,現金,現金,"43,474"
,,,信用卡,信用卡,"28,790"
,,,,小計,"72,264"
12/26/15,,,信用卡,信用卡,"86,350"
,,,現金,現金,"65,509"
,,,,小計,"151,859"
12/27/15,,,現金,現金,"81,480"
,,,信用卡,信用卡,"17,010"
,,,,小計,"98,490"
12/28/15,,,現金,現金,"47,050"
,,,信用卡,信用卡,"17,650"
,,,,小計,"64,700"
12/29/15,,,現金,現金,"13,140"
,,,信用卡,信用卡,"57,780"
,,,,小計,"70,920"
12/30/15,,,現金,現金,"39,630"
,,,信用卡,信用卡,"49,290"
,,,,小計,"88,920"
12/31/15,,,現金,現金,"63,692"
,,,信用卡,信用卡,"25,180"
,,,,小計,"88,872"
7/1/15,,,現金,現金,"9,100"
,,,,小計,"9,100"
7/2/15,,,現金,現金,"4,730"
,,,,小計,"4,730"
7/3/15,,,現金,現金,"20,760"
,,,,小計,"20,760"
7/4/15,,,現金,現金,"32,568"
,,,信用卡,信用卡,"2,740"
,,,,小計,"35,308"
7/5/15,,,現金,現金,"13,860"
,,,信用卡,信用卡,"1,300"
,,,,小計,"15,160"
7/6/15,,,現金,現金,"24,289"
,,,,小計,"24,289"
7/7/15,,,現金,現金,"14,980"
,,,信用卡,信用卡,"4,500"
,,,,小計,"19,480"
7/8/15,,,現金,現金,"28,800"
,,,信用卡,信用卡,"11,450"
,,,,小計,"40,250"
7/9/15,,,現金,現金,"18,490"
,,,,小計,"18,490"
7/10/15,,,現金,現金,"16,009"
,,,信用卡,信用卡,"2,800"
,,,,小計,"18,809"
7/11/15,,,現金,現金,"21,420"
,,,信用卡,信用卡,720
,,,,小計,"22,140"
7/12/15,,,現金,現金,"20,120"
,,,,小計,"20,120"
7/13/15,,,現金,現金,"12,290"
,,,,小計,"12,290"
7/14/15,,,現金,現金,"39,790"
,,,,小計,"39,790"
7/15/15,,,現金,現金,"19,330"
,,,,小計,"19,330"
7/16/15,,,現金,現金,"24,280"
,,,信用卡,信用卡,"3,500"
,,,,小計,"27,780"
7/17/15,,,現金,現金,"10,420"
,,,信用卡,信用卡,"3,100"
,,,,小計,"13,520"
7/18/15,,,現金,現金,"28,080"
,,,信用卡,信用卡,"6,550"
,,,,小計,"34,630"
7/19/15,,,信用卡,信用卡,"2,900"
,,,現金,現金,"10,140"
,,,,小計,"13,040"
7/20/15,,,信用卡,信用卡,"3,150"
,,,現金,現金,"7,860"
,,,,小計,"11,010"
7/21/15,,,現金,現金,"20,140"
,,,,小計,"20,140"
7/22/15,,,現金,現金,"6,510"
,,,,小計,"6,510"
7/23/15,,,現金,現金,"31,128"
,,,信用卡,信用卡,"1,699"
,,,,小計,"32,827"
7/24/15,,,現金,現金,"20,095"
,,,信用卡,信用卡,"1,500"
,,,,小計,"21,595"
7/25/15,,,現金,現金,"32,830"
,,,信用卡,信用卡,"3,250"
,,,,小計,"36,080"
7/26/15,,,現金,現金,"10,980"
,,,信用卡,信用卡,"4,540"
,,,,小計,"15,520"
7/27/15,,,現金,現金,"14,380"
,,,信用卡,信用卡,"3,150"
,,,,小計,"17,530"
7/28/15,,,信用卡,信用卡,"3,400"
,,,現金,現金,"22,090"
,,,,小計,"25,490"
7/29/15,,,現金,現金,"26,520"
,,,信用卡,信用卡,"3,700"
,,,,小計,"30,220"
7/30/15,,,現金,現金,"8,545"
,,,信用卡,信用卡,680
,,,,小計,"9,225"
7/31/15,,,信用卡,信用卡,"3,000"
,,,現金,現金,"30,819"
,,,,小計,"33,819"
8/1/15,,,信用卡,信用卡,"19,520"
,,,現金,現金,"23,250"
,,,,小計,"42,770"
8/2/15,,,現金,現金,"47,529"
,,,信用卡,信用卡,"33,020"
,,,,小計,"80,549"
8/3/15,,,現金,現金,"11,410"
,,,信用卡,信用卡,"3,600"
,,,,小計,"15,010"
8/4/15,,,現金,現金,"42,480"
,,,,小計,"42,480"
8/5/15,,,現金,現金,"22,200"
,,,信用卡,信用卡,"2,034"
,,,,小計,"24,234"
8/6/15,,,現金,現金,"136,599"
,,,,小計,"136,599"
8/7/15,,,現金,現金,"18,770"
,,,信用卡,信用卡,"1,490"
,,,,小計,"20,260"
8/8/15,,,現金,現金,"18,195"
,,,信用卡,信用卡,"33,959"
,,,,小計,"52,154"
8/9/15,,,現金,現金,"16,301"
,,,,小計,"16,301"
8/10/15,,,信用卡,信用卡,"4,810"
,,,現金,現金,"22,619"
,,,,小計,"27,429"
8/11/15,,,現金,現金,"19,130"
,,,,小計,"19,130"
8/12/15,,,現金,現金,"26,230"
,,,信用卡,信用卡,"9,240"
,,,,小計,"35,470"
8/13/15,,,現金,現金,"19,301"
,,,信用卡,信用卡,"3,590"
,,,,小計,"22,891"
8/14/15,,,現金,現金,"22,765"
,,,信用卡,信用卡,"2,700"
,,,,小計,"25,465"
8/15/15,,,現金,現金,"28,172"
,,,信用卡,信用卡,"3,000"
,,,,小計,"31,172"
8/16/15,,,現金,現金,"11,169"
,,,信用卡,信用卡,"2,500"
,,,,小計,"13,669"
8/17/15,,,現金,現金,"24,254"
,,,信用卡,信用卡,"6,298"
,,,,小計,"30,552"
8/18/15,,,信用卡,信用卡,"6,990"
,,,現金,現金,"12,319"
,,,,小計,"19,309"
8/19/15,,,現金,現金,"22,046"
,,,信用卡,信用卡,"2,390"
,,,,小計,"24,436"
8/20/15,,,現金,現金,"16,008"
,,,,小計,"16,008"
8/21/15,,,現金,現金,"13,516"
,,,信用卡,信用卡,"12,548"
,,,,小計,"26,064"
8/22/15,,,現金,現金,"10,439"
,,,信用卡,信用卡,"10,870"
,,,,小計,"21,309"
8/23/15,,,信用卡,信用卡,"5,730"
,,,現金,現金,"20,778"
,,,,小計,"26,508"
8/24/15,,,現金,現金,"16,890"
,,,信用卡,信用卡,600
,,,,小計,"17,490"
8/25/15,,,現金,現金,"18,730"
,,,信用卡,信用卡,"19,320"
,,,,小計,"38,050"
8/26/15,,,現金,現金,"19,660"
,,,信用卡,信用卡,"2,590"
,,,,小計,"22,250"
8/27/15,,,現金,現金,"7,840"
,,,信用卡,信用卡,"4,140"
,,,,小計,"11,980"
8/28/15,,,現金,現金,"13,920"
,,,信用卡,信用卡,"15,199"
,,,,小計,"29,119"
8/29/15,,,現金,現金,"50,090"
,,,信用卡,信用卡,"14,800"
,,,,小計,"64,890"
8/30/15,,,信用卡,信用卡,"138,197"
,,,現金,現金,"83,688"
,,,,小計,"221,885"
8/31/15,,,現金,現金,"310,060"
,,,信用卡,信用卡,"3,950"
,,,,小計,"314,010"
9/1/15,,,現金,現金,"-7,915"
,,,,小計,"-7,915"
9/2/15,,,現金,現金,"13,180"
,,,信用卡,信用卡,"6,890"
,,,,小計,"20,070"
9/3/15,,,現金,現金,"15,449"
,,,信用卡,信用卡,400
,,,,小計,"15,849"
9/4/15,,,現金,現金,"17,269"
,,,,小計,"17,269"
9/5/15,,,現金,現金,"44,885"
,,,信用卡,信用卡,"2,700"
,,,,小計,"47,585"
9/6/15,,,現金,現金,"25,049"
,,,信用卡,信用卡,"4,500"
,,,,小計,"29,549"
9/7/15,,,現金,現金,"20,335"
,,,信用卡,信用卡,"1,680"
,,,,小計,"22,015"
9/8/15,,,現金,現金,"6,950"
,,,信用卡,信用卡,"1,399"
,,,,小計,"8,349"
9/9/15,,,現金,現金,"20,387"
,,,,小計,"20,387"
9/10/15,,,現金,現金,"23,245"
,,,,小計,"23,245"
9/11/15,,,現金,現金,"27,327"
,,,信用卡,信用卡,325
,,,,小計,"27,652"
9/12/15,,,現金,現金,"38,639"
,,,信用卡,信用卡,"6,240"
,,,,小計,"44,879"
9/13/15,,,現金,現金,"24,997"
,,,信用卡,信用卡,990
,,,,小計,"25,987"
9/14/15,,,現金,現金,"19,948"
,,,信用卡,信用卡,"1,600"
,,,,小計,"21,548"
9/15/15,,,現金,現金,"12,298"
,,,,小計,"12,298"
9/16/15,,,現金,現金,"10,298"
,,,,小計,"10,298"
9/17/15,,,現金,現金,"14,190"
,,,,小計,"14,190"
9/18/15,,,現金,現金,"20,868"
,,,信用卡,信用卡,"1,000"
,,,,小計,"21,868"
9/19/15,,,現金,現金,"19,949"
,,,,小計,"19,949"
9/20/15,,,現金,現金,"15,529"
,,,,小計,"15,529"
9/21/15,,,現金,現金,"20,548"
,,,信用卡,信用卡,"1,350"
,,,,小計,"21,898"
9/22/15,,,現金,現金,"13,908"
,,,,小計,"13,908"
9/23/15,,,現金,現金,"31,248"
,,,信用卡,信用卡,450
,,,,小計,"31,698"
9/24/15,,,現金,現金,"4,270"
,,,信用卡,信用卡,"3,360"
,,,,小計,"7,630"
9/25/15,,,現金,現金,"9,648"
,,,信用卡,信用卡,"6,020"
,,,,小計,"15,668"
9/26/15,,,現金,現金,"17,208"
,,,信用卡,信用卡,"2,800"
,,,,小計,"20,008"
9/27/15,,,信用卡,信用卡,"9,700"
,,,現金,現金,"12,569"
,,,,小計,"22,269"
9/28/15,,,現金,現金,"19,909"
,,,信用卡,信用卡,"3,250"
,,,,小計,"23,159"
9/29/15,,,現金,現金,"17,000"
,,,信用卡,信用卡,950
,,,,小計,"17,950"
9/30/15,,,現金,現金,"41,942"
,,,,小計,"41,942"
10/31/14,,,現金,現金,"88,770"
,,,信用卡,信用卡,"75,450"
,,,,小計,"164,220"
11/1/14,,,現金,現金,"15,760"
,,,信用卡,信用卡,"2,500"
,,,,小計,"18,260"
11/2/14,,,現金,現金,"31,740"
,,,信用卡,信用卡,"6,400"
,,,,小計,"38,140"
11/3/14,,,現金,現金,"8,580"
,,,,小計,"8,580"
11/4/14,,,現金,現金,"34,120"
,,,,小計,"34,120"
11/5/14,,,現金,現金,"27,100"
,,,信用卡,信用卡,"3,500"
,,,,小計,"30,600"
11/6/14,,,現金,現金,"27,180"
,,,信用卡,信用卡,"18,480"
,,,,小計,"45,660"
11/7/14,,,現金,現金,"9,080"
,,,信用卡,信用卡,"10,500"
,,,,小計,"19,580"
11/8/14,,,現金,現金,"35,720"
,,,信用卡,信用卡,"7,300"
,,,,小計,"43,020"
11/9/14,,,現金,現金,"55,670"
,,,,小計,"55,670"
11/10/14,,,現金,現金,"12,600"
,,,信用卡,信用卡,"4,500"
,,,,小計,"17,100"
11/11/14,,,現金,現金,"8,020"
,,,信用卡,信用卡,"5,800"
,,,,小計,"13,820"
11/12/14,,,信用卡,信用卡,"1,500"
,,,現金,現金,"8,300"
,,,,小計,"9,800"
11/13/14,,,現金,現金,"21,300"
,,,,小計,"21,300"
11/14/14,,,現金,現金,"16,670"
,,,,小計,"16,670"
11/15/14,,,現金,現金,"13,120"
,,,,小計,"13,120"
11/16/14,,,現金,現金,"10,700"
,,,,小計,"10,700"
11/17/14,,,現金,現金,"8,990"
,,,,小計,"8,990"
11/18/14,,,現金,現金,"15,860"
,,,,小計,"15,860"
11/19/14,,,現金,現金,"10,330"
,,,,小計,"10,330"
11/20/14,,,現金,現金,"10,150"
,,,,小計,"10,150"
11/21/14,,,現金,現金,"13,360"
,,,,小計,"13,360"
11/22/14,,,現金,現金,"28,360"
,,,,小計,"28,360"
11/23/14,,,現金,現金,"22,520"
,,,,小計,"22,520"
11/24/14,,,現金,現金,"15,310"
,,,,小計,"15,310"
11/25/14,,,現金,現金,"7,870"
,,,,小計,"7,870"
11/26/14,,,現金,現金,"8,400"
,,,信用卡,信用卡,"2,600"
,,,,小計,"11,000"
11/27/14,,,現金,現金,"13,590"
,,,,小計,"13,590"
11/28/14,,,現金,現金,"9,140"
,,,,小計,"9,140"
11/29/14,,,現金,現金,"13,690"
,,,,小計,"13,690"
11/30/14,,,現金,現金,"23,230"
,,,,小計,"23,230"
12/1/14,,,現金,現金,"14,700"
,,,信用卡,信用卡,700
,,,,小計,"15,400"
12/2/14,,,現金,現金,"5,300"
,,,,小計,"5,300"
12/3/14,,,現金,現金,"10,350"
,,,,小計,"10,350"
12/4/14,,,現金,現金,"7,590"
,,,,小計,"7,590"
12/5/14,,,現金,現金,"17,040"
,,,,小計,"17,040"
12/6/14,,,現金,現金,"16,100"
,,,,小計,"16,100"
12/7/14,,,現金,現金,"17,920"
,,,,小計,"17,920"
12/8/14,,,現金,現金,"11,130"
,,,,小計,"11,130"
12/9/14,,,現金,現金,"5,560"
,,,,小計,"5,560"
12/10/14,,,現金,現金,"7,590"
,,,,小計,"7,590"
12/11/14,,,現金,現金,"9,270"
,,,,小計,"9,270"
12/12/14,,,現金,現金,"13,770"
,,,,小計,"13,770"
12/13/14,,,現金,現金,"36,500"
,,,信用卡,信用卡,"2,400"
,,,,小計,"38,900"
12/14/14,,,現金,現金,"16,030"
,,,,小計,"16,030"
12/15/14,,,現金,現金,"10,940"
,,,,小計,"10,940"
12/16/14,,,現金,現金,"5,980"
,,,,小計,"5,980"
12/17/14,,,現金,現金,"3,900"
,,,,小計,"3,900"
12/18/14,,,現金,現金,"5,300"
,,,信用卡,信用卡,"2,800"
,,,,小計,"8,100"
12/19/14,,,現金,現金,"10,440"
,,,,小計,"10,440"
12/20/14,,,現金,現金,"18,230"
,,,,小計,"18,230"
12/21/14,,,信用卡,信用卡,"6,680"
,,,現金,現金,"17,290"
,,,,小計,"23,970"
12/22/14,,,現金,現金,"9,290"
,,,,小計,"9,290"
12/23/14,,,現金,現金,"7,230"
,,,,小計,"7,230"
12/24/14,,,現金,現金,"8,480"
,,,,小計,"8,480"
12/25/14,,,現金,現金,"18,950"
,,,信用卡,信用卡,"3,000"
,,,,小計,"21,950"
12/26/14,,,現金,現金,"12,560"
,,,,小計,"12,560"
12/27/14,,,現金,現金,"14,650"
,,,,小計,"14,650"
12/28/14,,,現金,現金,"22,880"
,,,信用卡,信用卡,"1,700"
,,,,小計,"24,580"
12/29/14,,,現金,現金,"9,150"
,,,信用卡,信用卡,"8,650"
,,,,小計,"17,800"
12/30/14,,,現金,現金,"5,830"
,,,,小計,"5,830"
12/31/14,,,現金,現金,"141,046"
,,,,小計,"141,046"
1/1/15,,,現金,現金,"9,230"
,,,,小計,"9,230"
1/2/15,,,現金,現金,"11,610"
,,,,小計,"11,610"
1/3/15,,,現金,現金,"15,180"
,,,,小計,"15,180"
1/4/15,,,現金,現金,"27,880"
,,,,小計,"27,880"
1/5/15,,,現金,現金,"8,680"
,,,,小計,"8,680"
1/6/15,,,現金,現金,"7,270"
,,,,小計,"7,270"
1/7/15,,,現金,現金,"9,870"
,,,,小計,"9,870"
1/8/15,,,現金,現金,"4,280"
,,,信用卡,信用卡,"14,900"
,,,,小計,"19,180"
1/9/15,,,現金,現金,"22,257"
,,,信用卡,信用卡,900
,,,,小計,"23,157"
1/10/15,,,現金,現金,"18,060"
,,,信用卡,信用卡,"2,430"
,,,,小計,"20,490"
1/11/15,,,現金,現金,"8,830"
,,,,小計,"8,830"
1/12/15,,,現金,現金,"3,700"
,,,,小計,"3,700"
1/13/15,,,現金,現金,"8,910"
,,,,小計,"8,910"
1/14/15,,,現金,現金,"6,730"
,,,,小計,"6,730"
1/15/15,,,現金,現金,"13,430"
,,,,小計,"13,430"
1/16/15,,,現金,現金,"13,180"
,,,,小計,"13,180"
1/17/15,,,現金,現金,"12,230"
,,,信用卡,信用卡,"2,700"
,,,,小計,"14,930"
1/18/15,,,現金,現金,"8,650"
,,,,小計,"8,650"
1/19/15,,,現金,現金,"12,810"
,,,,小計,"12,810"
1/20/15,,,現金,現金,"12,150"
,,,,小計,"12,150"
1/21/15,,,現金,現金,"6,580"
,,,,小計,"6,580"
1/22/15,,,現金,現金,"7,400"
,,,信用卡,信用卡,400
,,,,小計,"7,800"
1/23/15,,,現金,現金,"9,060"
,,,,小計,"9,060"
1/24/15,,,現金,現金,"13,850"
,,,,小計,"13,850"
1/25/15,,,現金,現金,"3,028"
,,,,小計,"3,028"
1/26/15,,,現金,現金,"1,220"
,,,,小計,"1,220"
1/27/15,,,現金,現金,"9,670"
,,,,小計,"9,670"
1/28/15,,,現金,現金,"4,145"
,,,,小計,"4,145"
1/30/15,,,現金,現金,"53,550"
,,,,小計,"53,550"
1/31/15,,,現金,現金,"203,605"
,,,信用卡,信用卡,"2,600"
,,,,小計,"206,205"
2/1/15,,,現金,現金,"39,846"
,,,,小計,"39,846"
2/2/15,,,現金,現金,"12,448"
,,,,小計,"12,448"
2/3/15,,,現金,現金,"17,500"
,,,,小計,"17,500"
2/4/15,,,現金,現金,"15,190"
,,,,小計,"15,190"
2/5/15,,,現金,現金,"20,809"
,,,,小計,"20,809"
2/6/15,,,現金,現金,"8,880"
,,,信用卡,信用卡,"1,350"
,,,,小計,"10,230"
2/7/15,,,現金,現金,"22,808"
,,,,小計,"22,808"
2/8/15,,,現金,現金,"32,749"
,,,信用卡,信用卡,"19,330"
,,,,小計,"52,079"
2/9/15,,,現金,現金,"11,080"
,,,信用卡,信用卡,"1,150"
,,,,小計,"12,230"
2/10/15,,,現金,現金,"24,510"
,,,,小計,"24,510"
2/11/15,,,現金,現金,"20,359"
,,,,小計,"20,359"
2/12/15,,,現金,現金,"29,029"
,,,信用卡,信用卡,550
,,,,小計,"29,579"
2/13/15,,,現金,現金,"30,760"
,,,信用卡,信用卡,"6,700"
,,,,小計,"37,460"
2/14/15,,,現金,現金,"79,010"
,,,信用卡,信用卡,"8,950"
,,,,小計,"87,960"
2/15/15,,,現金,現金,"23,399"
,,,信用卡,信用卡,"2,800"
,,,,小計,"26,199"
2/16/15,,,現金,現金,"35,185"
,,,,小計,"35,185"
2/17/15,,,現金,現金,"11,290"
,,,,小計,"11,290"
2/18/15,,,現金,現金,"7,150"
,,,,小計,"7,150"
2/19/15,,,現金,現金,"16,680"
,,,信用卡,信用卡,"3,500"
,,,,小計,"20,180"
2/20/15,,,現金,現金,"21,810"
,,,信用卡,信用卡,"1,790"
,,,,小計,"23,600"
2/21/15,,,現金,現金,"64,840"
,,,信用卡,信用卡,"17,700"
,,,,小計,"82,540"
2/22/15,,,現金,現金,"62,330"
,,,,小計,"62,330"
2/23/15,,,現金,現金,"84,979"
,,,,小計,"84,979"
2/24/15,,,現金,現金,"160,390"
,,,信用卡,信用卡,"3,790"
,,,,小計,"164,180"
2/25/15,,,現金,現金,"114,500"
,,,信用卡,信用卡,"30,550"
,,,,小計,"145,050"
2/26/15,,,現金,現金,"23,880"
,,,,小計,"23,880"
2/27/15,,,現金,現金,"46,390"
,,,,小計,"46,390"
2/28/15,,,現金,現金,"204,123"
,,,,小計,"204,123"
3/1/15,,,現金,現金,"58,720"
,,,,小計,"58,720"
3/2/15,,,現金,現金,"21,130"
,,,,小計,"21,130"
3/3/15,,,現金,現金,"14,390"
,,,,小計,"14,390"
3/4/15,,,現金,現金,"18,110"
,,,信用卡,信用卡,"1,400"
,,,,小計,"19,510"
3/5/15,,,現金,現金,"13,650"
,,,,小計,"13,650"
3/6/15,,,現金,現金,"16,760"
,,,,小計,"16,760"
3/7/15,,,現金,現金,"18,850"
,,,,小計,"18,850"
3/8/15,,,現金,現金,"20,180"
,,,,小計,"20,180"
3/9/15,,,現金,現金,"18,280"
,,,,小計,"18,280"
3/10/15,,,現金,現金,"16,210"
,,,,小計,"16,210"
3/11/15,,,現金,現金,"10,990"
,,,,小計,"10,990"
3/12/15,,,現金,現金,"19,360"
,,,,小計,"19,360"
3/13/15,,,現金,現金,"15,420"
,,,信用卡,信用卡,"2,400"
,,,,小計,"17,820"
3/14/15,,,現金,現金,"42,170"
,,,,小計,"42,170"
3/15/15,,,現金,現金,"29,420"
,,,信用卡,信用卡,"14,100"
,,,,小計,"43,520"
3/16/15,,,現金,現金,"6,180"
,,,信用卡,信用卡,"5,800"
,,,,小計,"11,980"
3/17/15,,,現金,現金,"16,610"
,,,,小計,"16,610"
3/18/15,,,現金,現金,"24,490"
,,,,小計,"24,490"
3/19/15,,,現金,現金,"15,380"
,,,信用卡,信用卡,"2,700"
,,,,小計,"18,080"
3/20/15,,,現金,現金,"11,555"
,,,,小計,"11,555"
3/21/15,,,現金,現金,"25,930"
,,,信用卡,信用卡,"14,600"
,,,,小計,"40,530"
3/22/15,,,現金,現金,"22,960"
,,,,小計,"22,960"
3/23/15,,,現金,現金,"17,760"
,,,,小計,"17,760"
3/24/15,,,現金,現金,"13,100"
,,,信用卡,信用卡,"1,340"
,,,,小計,"14,440"
3/25/15,,,現金,現金,"6,590"
,,,,小計,"6,590"
3/26/15,,,現金,現金,"3,550"
,,,,小計,"3,550"
3/27/15,,,現金,現金,"14,830"
,,,,小計,"14,830"
3/28/15,,,現金,現金,"36,290"
,,,,小計,"36,290"
3/29/15,,,現金,現金,"18,140"
,,,,小計,"18,140"
3/30/15,,,現金,現金,"11,570"
,,,,小計,"11,570"
3/31/15,,,現金,現金,"74,930"
,,,,小計,"74,930"
1/1/16,,,現金,現金,"133,499"
,,,信用卡,信用卡,"28,999"
,,,,小計,"162,498"
1/2/16,,,現金,現金,"54,945"
,,,信用卡,信用卡,"27,000"
,,,,小計,"81,945"
1/3/16,,,現金,現金,"57,745"
,,,信用卡,信用卡,"19,489"
,,,,小計,"77,234"
1/4/16,,,信用卡,信用卡,"4,800"
,,,現金,現金,"12,500"
,,,,小計,"17,300"
1/5/16,,,現金,現金,"23,720"
,,,信用卡,信用卡,"8,800"
,,,,小計,"32,520"
1/6/16,,,現金,現金,"16,200"
,,,,小計,"16,200"
1/7/16,,,現金,現金,"24,340"
,,,,小計,"24,340"
1/8/16,,,現金,現金,"92,448"
,,,信用卡,信用卡,"1,300"
,,,,小計,"93,748"
1/9/16,,,現金,現金,"104,524"
,,,,小計,"104,524"
1/10/16,,,現金,現金,"74,948"
,,,,小計,"74,948"
1/11/16,,,現金,現金,"20,490"
,,,,小計,"20,490"
1/12/16,,,現金,現金,"21,500"
,,,,小計,"21,500"
1/13/16,,,現金,現金,"34,830"
,,,,小計,"34,830"
1/14/16,,,現金,現金,"51,120"
,,,信用卡,信用卡,"1,600"
,,,,小計,"52,720"
1/15/16,,,現金,現金,"69,180"
,,,,小計,"69,180"
1/16/16,,,現金,現金,"83,349"
,,,,小計,"83,349"
1/17/16,,,現金,現金,"55,574"
,,,,小計,"55,574"
1/18/16,,,現金,現金,"62,949"
,,,,小計,"62,949"
1/19/16,,,現金,現金,"39,330"
,,,,小計,"39,330"
1/20/16,,,現金,現金,"36,070"
,,,,小計,"36,070"
1/21/16,,,現金,現金,"43,490"
,,,,小計,"43,490"
1/22/16,,,現金,現金,"56,592"
,,,,小計,"56,592"
1/23/16,,,信用卡,信用卡,"2,740"
,,,現金,現金,"186,796"
,,,,小計,"189,536"
1/24/16,,,現金,現金,"33,855"
,,,,小計,"33,855"
1/25/16,,,現金,現金,"64,373"
,,,,小計,"64,373"
1/26/16,,,現金,現金,"49,104"
,,,,小計,"49,104"
1/27/16,,,現金,現金,"39,321"
,,,,小計,"39,321"
1/28/16,,,現金,現金,"43,248"
,,,,小計,"43,248"
1/29/16,,,現金,現金,"22,766"
,,,,小計,"22,766"
1/30/16,,,現金,現金,"111,122"
,,,,小計,"111,122"
1/31/16,,,現金,現金,"70,461"
,,,,小計,"70,461"
2/1/16,,,現金,現金,"70,348"
,,,,小計,"70,348"
2/2/16,,,現金,現金,"129,348"
,,,,小計,"129,348"
2/3/16,,,現金,現金,"86,009"
,,,,小計,"86,009"
2/4/16,,,現金,現金,"86,695"
,,,,小計,"86,695"
2/6/16,,,現金,現金,"96,564"
,,,信用卡,信用卡,"3,888"
,,,,小計,"100,452"
2/7/16,,,現金,現金,"101,932"
,,,,小計,"101,932"
2/8/16,,,現金,現金,"126,697"
,,,信用卡,信用卡,"9,200"
,,,,小計,"135,897"
2/9/16,,,現金,現金,"103,380"
,,,,小計,"103,380"
2/10/16,,,現金,現金,"253,526"
,,,,小計,"253,526"
2/11/16,,,現金,現金,"155,834"
,,,,小計,"155,834"
2/12/16,,,現金,現金,"203,790"
,,,,小計,"203,790"
2/13/16,,,現金,現金,"121,169"
,,,信用卡,信用卡,"1,010"
,,,,小計,"122,179"
2/14/16,,,現金,現金,"70,240"
,,,,小計,"70,240"
2/15/16,,,現金,現金,"89,638"
,,,,小計,"89,638"
2/16/16,,,現金,現金,"151,039"
,,,信用卡,信用卡,"32,800"
,,,,小計,"183,839"
2/17/16,,,現金,現金,"83,000"
,,,,小計,"83,000"
2/18/16,,,現金,現金,"85,622"
,,,,小計,"85,622"
2/19/16,,,現金,現金,"97,290"
,,,,小計,"97,290"
2/20/16,,,現金,現金,"-3,200"
,,,,小計,"-3,200"
2/26/16,,,現金,現金,"-5,200"
,,,,小計,"-5,200"
2/29/16,,,現金,現金,"41,490"
,,,,小計,"41,490"
3/1/16,,,現金,現金,"35,710"
,,,,小計,"35,710"
3/2/16,,,現金,現金,"26,849"
,,,,小計,"26,849"
3/3/16,,,現金,現金,"36,927"
,,,,小計,"36,927"
3/4/16,,,現金,現金,"45,439"
,,,,小計,"45,439"
3/5/16,,,現金,現金,"103,940"
,,,,小計,"103,940"
3/6/16,,,現金,現金,"161,590"
,,,,小計,"161,590"
3/7/16,,,現金,現金,"60,899"
,,,信用卡,信用卡,400
,,,,小計,"61,299"
3/8/16,,,現金,現金,"30,410"
,,,信用卡,信用卡,450
,,,,小計,"30,860"
3/9/16,,,現金,現金,"38,779"
,,,,小計,"38,779"
3/10/16,,,現金,現金,"74,149"
,,,,小計,"74,149"
3/11/16,,,現金,現金,"82,955"
,,,信用卡,信用卡,"1,070"
,,,,小計,"84,025"
3/12/16,,,現金,現金,"142,448"
,,,,小計,"142,448"
3/13/16,,,現金,現金,"66,860"
,,,,小計,"66,860"
3/14/16,,,現金,現金,"79,469"
,,,信用卡,信用卡,"3,700"
,,,,小計,"83,169"
3/15/16,,,現金,現金,"50,510"
,,,信用卡,信用卡,"1,650"
,,,,小計,"52,160"
3/16/16,,,現金,現金,"50,929"
,,,信用卡,信用卡,"14,000"
,,,,小計,"64,929"
3/17/16,,,現金,現金,"60,060"
,,,,小計,"60,060"
3/18/16,,,現金,現金,"36,200"
,,,信用卡,信用卡,"1,070"
,,,,小計,"37,270"
3/19/16,,,現金,現金,"77,010"
,,,,小計,"77,010"
3/20/16,,,現金,現金,"34,630"
,,,,小計,"34,630"
3/21/16,,,現金,現金,"48,400"
,,,,小計,"48,400"
3/22/16,,,現金,現金,"60,284"
,,,,小計,"60,284"
3/23/16,,,現金,現金,"44,050"
,,,,小計,"44,050"
3/24/16,,,現金,現金,"99,780"
,,,,小計,"99,780"
3/25/16,,,現金,現金,"41,529"
,,,信用卡,信用卡,"1,730"
,,,,小計,"43,259"
3/26/16,,,現金,現金,"130,617"
,,,,小計,"130,617"
3/27/16,,,現金,現金,"47,240"
,,,,小計,"47,240"
3/28/16,,,現金,現金,"43,080"
,,,,小計,"43,080"
3/29/16,,,現金,現金,"27,780"
,,,,小計,"27,780"
3/30/16,,,現金,現金,"29,610"
,,,,小計,"29,610"
3/31/16,,,現金,現金,"27,356"
,,,,小計,"27,356"
4/1/16,,,現金,現金,"41,830"
,,,,小計,"41,830"
4/2/16,,,現金,現金,"103,588"
,,,,小計,"103,588"
4/3/16,,,現金,現金,"48,994"
,,,信用卡,信用卡,"3,200"
,,,,小計,"52,194"
4/4/16,,,現金,現金,"103,430"
,,,,小計,"103,430"
4/5/16,,,現金,現金,"58,538"
,,,,小計,"58,538"
4/6/16,,,現金,現金,"40,340"
,,,,小計,"40,340"
4/7/16,,,現金,現金,"18,229"
,,,信用卡,信用卡,"15,200"
,,,,小計,"33,429"
4/8/16,,,現金,現金,"65,240"
,,,,小計,"65,240"
4/9/16,,,現金,現金,"82,429"
,,,信用卡,信用卡,"10,500"
,,,,小計,"92,929"
4/10/16,,,現金,現金,"86,289"
,,,信用卡,信用卡,"3,000"
,,,,小計,"89,289"
4/11/16,,,現金,現金,"28,140"
,,,,小計,"28,140"
4/12/16,,,現金,現金,"28,875"
,,,,小計,"28,875"
4/13/16,,,現金,現金,"15,075"
,,,,小計,"15,075"
4/14/16,,,現金,現金,"31,080"
,,,,小計,"31,080"
4/15/16,,,現金,現金,"56,030"
,,,,小計,"56,030"
4/16/16,,,現金,現金,"37,140"
,,,,小計,"37,140"
4/17/16,,,現金,現金,"52,150"
,,,信用卡,信用卡,"13,500"
,,,,小計,"65,650"
4/18/16,,,現金,現金,"64,500"
,,,,小計,"64,500"
4/19/16,,,現金,現金,"73,699"
,,,信用卡,信用卡,"3,200"
,,,,小計,"76,899"
4/20/16,,,現金,現金,"43,200"
,,,,小計,"43,200"
4/21/16,,,現金,現金,"15,930"
,,,,小計,"15,930"
4/22/16,,,現金,現金,"65,189"
,,,,小計,"65,189"
4/23/16,,,現金,現金,"79,990"
,,,,小計,"79,990"
4/24/16,,,現金,現金,"88,010"
,,,,小計,"88,010"
4/25/16,,,現金,現金,"10,300"
,,,,小計,"10,300"
4/26/16,,,現金,現金,"47,880"
,,,信用卡,信用卡,"1,430"
,,,,小計,"49,310"
4/27/16,,,現金,現金,"39,539"
,,,,小計,"39,539"
4/30/16,,,現金,現金,"3,195"
,,,,小計,"3,195"
5/1/16,,,現金,現金,"44,380"
,,,信用卡,信用卡,"2,000"
,,,,小計,"46,380"
5/2/16,,,現金,現金,"45,260"
,,,,小計,"45,260"
5/3/16,,,現金,現金,"34,480"
,,,,小計,"34,480"
5/4/16,,,現金,現金,"9,870"
,,,,小計,"9,870"
5/5/16,,,現金,現金,"49,109"
,,,,小計,"49,109"
5/6/16,,,現金,現金,"88,480"
,,,,小計,"88,480"
5/7/16,,,現金,現金,"84,500"
,,,,小計,"84,500"
5/8/16,,,現金,現金,"43,180"
,,,,小計,"43,180"
5/9/16,,,現金,現金,"39,454"
,,,,小計,"39,454"
5/10/16,,,現金,現金,"48,079"
,,,信用卡,信用卡,"32,280"
,,,,小計,"80,359"
5/11/16,,,現金,現金,"27,480"
,,,,小計,"27,480"
5/12/16,,,現金,現金,"46,120"
,,,信用卡,信用卡,400
,,,,小計,"46,520"
5/13/16,,,現金,現金,"49,314"
,,,,小計,"49,314"
5/14/16,,,現金,現金,"63,130"
,,,,小計,"63,130"
5/15/16,,,現金,現金,"60,489"
,,,,小計,"60,489"
5/16/16,,,現金,現金,"35,250"
,,,,小計,"35,250"
5/17/16,,,現金,現金,"52,750"
,,,,小計,"52,750"
5/18/16,,,現金,現金,"22,140"
,,,,小計,"22,140"
5/19/16,,,現金,現金,"23,830"
,,,,小計,"23,830"
5/20/16,,,現金,現金,"54,400"
,,,,小計,"54,400"
5/21/16,,,現金,現金,"64,770"
,,,,小計,"64,770"
5/22/16,,,現金,現金,"25,920"
,,,,小計,"25,920"
5/23/16,,,現金,現金,"129,149"
,,,,小計,"129,149"
5/24/16,,,現金,現金,"36,310"
,,,,小計,"36,310"
5/25/16,,,現金,現金,"37,930"
,,,,小計,"37,930"
5/26/16,,,現金,現金,"35,280"
,,,,小計,"35,280"
5/27/16,,,現金,現金,"60,850"
,,,,小計,"60,850"
5/28/16,,,現金,現金,"94,330"
,,,信用卡,信用卡,"48,690"
,,,,小計,"143,020"
5/30/16,,,現金,現金,"85,750"
,,,信用卡,信用卡,"1,350"
,,,,小計,"87,100"
5/31/16,,,現金,現金,"18,690"
,,,,小計,"18,690"
6/1/16,,,現金,現金,"27,689"
,,,信用卡,信用卡,"2,250"
,,,,小計,"29,939"
6/2/16,,,現金,現金,"10,090"
,,,,小計,"10,090"
6/3/16,,,現金,現金,"55,010"
,,,,小計,"55,010"
6/4/16,,,現金,現金,"73,544"
,,,,小計,"73,544"
6/5/16,,,現金,現金,"78,690"
,,,,小計,"78,690"
6/6/16,,,現金,現金,"45,481"
,,,,小計,"45,481"
6/7/16,,,現金,現金,"50,123"
,,,,小計,"50,123"
6/8/16,,,現金,現金,"73,390"
,,,信用卡,信用卡,"18,900"
,,,,小計,"92,290"
6/9/16,,,現金,現金,"1,600"
,,,,小計,"1,600"
6/10/16,,,現金,現金,"47,814"
,,,,小計,"47,814"
6/11/16,,,現金,現金,"55,059"
,,,,小計,"55,059"
6/12/16,,,現金,現金,"52,769"
,,,,小計,"52,769"
6/13/16,,,現金,現金,"46,500"
,,,,小計,"46,500"
6/14/16,,,現金,現金,"25,969"
,,,,小計,"25,969"
6/15/16,,,現金,現金,"44,029"
,,,,小計,"44,029"
6/16/16,,,現金,現金,"40,199"
,,,,小計,"40,199"
6/17/16,,,現金,現金,"18,879"
,,,,小計,"18,879"
6/18/16,,,現金,現金,"23,500"
,,,,小計,"23,500"
6/19/16,,,現金,現金,"29,740"
,,,,小計,"29,740"
6/20/16,,,現金,現金,"48,995"
,,,,小計,"48,995"
6/21/16,,,現金,現金,"29,180"
,,,,小計,"29,180"
6/22/16,,,現金,現金,"80,850"
,,,,小計,"80,850"
6/23/16,,,現金,現金,"37,990"
,,,,小計,"37,990"
6/24/16,,,現金,現金,"51,230"
,,,,小計,"51,230"
6/25/16,,,現金,現金,"104,520"
,,,,小計,"104,520"
6/26/16,,,現金,現金,"23,320"
,,,,小計,"23,320"
6/27/16,,,現金,現金,"55,040"
,,,,小計,"55,040"
6/28/16,,,現金,現金,"51,100"
,,,,小計,"51,100"
6/29/16,,,現金,現金,"69,708"
,,,信用卡,信用卡,320
,,,,小計,"70,028"
6/30/16,,,現金,現金,"35,178"
,,,,小計,"35,178"
1/1/16,,,現金,現金,"133,499"
,,,信用卡,信用卡,"28,999"
,,,,小計,"162,498"
1/2/16,,,現金,現金,"54,945"
,,,信用卡,信用卡,"27,000"
,,,,小計,"81,945"
1/3/16,,,現金,現金,"57,745"
,,,信用卡,信用卡,"19,489"
,,,,小計,"77,234"
1/4/16,,,信用卡,信用卡,"4,800"
,,,現金,現金,"12,500"
,,,,小計,"17,300"
1/5/16,,,現金,現金,"23,720"
,,,信用卡,信用卡,"8,800"
,,,,小計,"32,520"
1/6/16,,,現金,現金,"16,200"
,,,,小計,"16,200"
1/7/16,,,現金,現金,"24,340"
,,,,小計,"24,340"
1/8/16,,,現金,現金,"92,448"
,,,信用卡,信用卡,"1,300"
,,,,小計,"93,748"
1/9/16,,,現金,現金,"104,524"
,,,,小計,"104,524"
1/10/16,,,現金,現金,"74,948"
,,,,小計,"74,948"
1/11/16,,,現金,現金,"20,490"
,,,,小計,"20,490"
1/12/16,,,現金,現金,"21,500"
,,,,小計,"21,500"
1/13/16,,,現金,現金,"34,830"
,,,,小計,"34,830"
1/14/16,,,現金,現金,"51,120"
,,,信用卡,信用卡,"1,600"
,,,,小計,"52,720"
1/15/16,,,現金,現金,"69,180"
,,,,小計,"69,180"
1/16/16,,,現金,現金,"83,349"
,,,,小計,"83,349"
1/17/16,,,現金,現金,"55,574"
,,,,小計,"55,574"
1/18/16,,,現金,現金,"62,949"
,,,,小計,"62,949"
1/19/16,,,現金,現金,"39,330"
,,,,小計,"39,330"
1/20/16,,,現金,現金,"36,070"
,,,,小計,"36,070"
1/21/16,,,現金,現金,"43,490"
,,,,小計,"43,490"
1/22/16,,,現金,現金,"56,592"
,,,,小計,"56,592"
1/23/16,,,信用卡,信用卡,"2,740"
,,,現金,現金,"186,796"
,,,,小計,"189,536"
1/24/16,,,現金,現金,"33,855"
,,,,小計,"33,855"
1/25/16,,,現金,現金,"64,373"
,,,,小計,"64,373"
1/26/16,,,現金,現金,"49,104"
,,,,小計,"49,104"
1/27/16,,,現金,現金,"39,321"
,,,,小計,"39,321"
1/28/16,,,現金,現金,"43,248"
,,,,小計,"43,248"
1/29/16,,,現金,現金,"22,766"
,,,,小計,"22,766"
1/30/16,,,現金,現金,"111,122"
,,,,小計,"111,122"
1/31/16,,,現金,現金,"70,461"
,,,,小計,"70,461"
2/1/16,,,現金,現金,"70,348"
,,,,小計,"70,348"
2/2/16,,,現金,現金,"129,348"
,,,,小計,"129,348"
2/3/16,,,現金,現金,"86,009"
,,,,小計,"86,009"
2/4/16,,,現金,現金,"86,695"
,,,,小計,"86,695"
2/6/16,,,現金,現金,"96,564"
,,,信用卡,信用卡,"3,888"
,,,,小計,"100,452"
2/7/16,,,現金,現金,"101,932"
,,,,小計,"101,932"
2/8/16,,,現金,現金,"126,697"
,,,信用卡,信用卡,"9,200"
,,,,小計,"135,897"
2/9/16,,,現金,現金,"103,380"
,,,,小計,"103,380"
2/10/16,,,現金,現金,"253,526"
,,,,小計,"253,526"
2/11/16,,,現金,現金,"155,834"
,,,,小計,"155,834"
2/12/16,,,現金,現金,"203,790"
,,,,小計,"203,790"
2/13/16,,,現金,現金,"121,169"
,,,信用卡,信用卡,"1,010"
,,,,小計,"122,179"
2/14/16,,,現金,現金,"70,240"
,,,,小計,"70,240"
2/15/16,,,現金,現金,"89,638"
,,,,小計,"89,638"
2/16/16,,,現金,現金,"151,039"
,,,信用卡,信用卡,"32,800"
,,,,小計,"183,839"
2/17/16,,,現金,現金,"83,000"
,,,,小計,"83,000"
2/18/16,,,現金,現金,"85,622"
,,,,小計,"85,622"
2/19/16,,,現金,現金,"97,290"
,,,,小計,"97,290"
2/20/16,,,現金,現金,"-3,200"
,,,,小計,"-3,200"
2/26/16,,,現金,現金,"-5,200"
,,,,小計,"-5,200"
2/29/16,,,現金,現金,"41,490"
,,,,小計,"41,490"
3/1/16,,,現金,現金,"35,710"
,,,,小計,"35,710"
3/2/16,,,現金,現金,"26,849"
,,,,小計,"26,849"
3/3/16,,,現金,現金,"36,927"
,,,,小計,"36,927"
3/4/16,,,現金,現金,"45,439"
,,,,小計,"45,439"
3/5/16,,,現金,現金,"103,940"
,,,,小計,"103,940"
3/6/16,,,現金,現金,"161,590"
,,,,小計,"161,590"
3/7/16,,,現金,現金,"60,899"
,,,信用卡,信用卡,400
,,,,小計,"61,299"
3/8/16,,,現金,現金,"30,410"
,,,信用卡,信用卡,450
,,,,小計,"30,860"
3/9/16,,,現金,現金,"38,779"
,,,,小計,"38,779"
3/10/16,,,現金,現金,"74,149"
,,,,小計,"74,149"
3/11/16,,,現金,現金,"82,955"
,,,信用卡,信用卡,"1,070"
,,,,小計,"84,025"
3/12/16,,,現金,現金,"142,448"
,,,,小計,"142,448"
3/13/16,,,現金,現金,"66,860"
,,,,小計,"66,860"
3/14/16,,,現金,現金,"79,469"
,,,信用卡,信用卡,"3,700"
,,,,小計,"83,169"
3/15/16,,,現金,現金,"50,510"
,,,信用卡,信用卡,"1,650"
,,,,小計,"52,160"
3/16/16,,,現金,現金,"50,929"
,,,信用卡,信用卡,"14,000"
,,,,小計,"64,929"
3/17/16,,,現金,現金,"60,060"
,,,,小計,"60,060"
3/18/16,,,現金,現金,"36,200"
,,,信用卡,信用卡,"1,070"
,,,,小計,"37,270"
3/19/16,,,現金,現金,"77,010"
,,,,小計,"77,010"
3/20/16,,,現金,現金,"34,630"
,,,,小計,"34,630"
3/21/16,,,現金,現金,"48,400"
,,,,小計,"48,400"
3/22/16,,,現金,現金,"60,284"
,,,,小計,"60,284"
3/23/16,,,現金,現金,"44,050"
,,,,小計,"44,050"
3/24/16,,,現金,現金,"99,780"
,,,,小計,"99,780"
3/25/16,,,現金,現金,"41,529"
,,,信用卡,信用卡,"1,730"
,,,,小計,"43,259"
3/26/16,,,現金,現金,"130,617"
,,,,小計,"130,617"
3/27/16,,,現金,現金,"47,240"
,,,,小計,"47,240"
3/28/16,,,現金,現金,"43,080"
,,,,小計,"43,080"
3/29/16,,,現金,現金,"27,780"
,,,,小計,"27,780"
3/30/16,,,現金,現金,"29,610"
,,,,小計,"29,610"
3/31/16,,,現金,現金,"27,356"
,,,,小計,"27,356"
7/1/16,,,現金,現金,"38,209"
,,,,小計,"38,209"
7/2/16,,,現金,現金,"37,668"
,,,,小計,"37,668"
7/3/16,,,現金,現金,"42,935"
,,,,小計,"42,935"
7/4/16,,,現金,現金,"63,040"
,,,,小計,"63,040"
7/5/16,,,現金,現金,"46,810"
,,,,小計,"46,810"
7/6/16,,,現金,現金,"46,750"
,,,,小計,"46,750"
7/7/16,,,現金,現金,"22,830"
,,,,小計,"22,830"
7/8/16,,,現金,現金,"24,770"
,,,,小計,"24,770"
7/9/16,,,現金,現金,"40,520"
,,,,小計,"40,520"
7/10/16,,,現金,現金,"18,465"
,,,,小計,"18,465"
7/11/16,,,現金,現金,"30,458"
,,,,小計,"30,458"
7/12/16,,,現金,現金,"107,779"
,,,,小計,"107,779"
7/13/16,,,現金,現金,"88,069"
,,,信用卡,信用卡,700
,,,,小計,"88,769"
7/14/16,,,現金,現金,"29,019"
,,,,小計,"29,019"
7/15/16,,,現金,現金,"60,260"
,,,,小計,"60,260"
7/16/16,,,現金,現金,"53,750"
,,,,小計,"53,750"
7/17/16,,,現金,現金,"79,059"
,,,,小計,"79,059"
7/18/16,,,現金,現金,"40,140"
,,,,小計,"40,140"
7/19/16,,,現金,現金,"42,830"
,,,,小計,"42,830"
7/20/16,,,現金,現金,"49,559"
,,,,小計,"49,559"
7/21/16,,,現金,現金,"22,989"
,,,,小計,"22,989"
7/22/16,,,現金,現金,"58,619"
,,,,小計,"58,619"
7/23/16,,,現金,現金,"119,310"
,,,,小計,"119,310"
7/24/16,,,現金,現金,"35,910"
,,,,小計,"35,910"
7/25/16,,,現金,現金,"63,290"
,,,,小計,"63,290"
7/26/16,,,現金,現金,"48,260"
,,,,小計,"48,260"
7/27/16,,,現金,現金,"52,320"
,,,,小計,"52,320"
7/28/16,,,現金,現金,"33,250"
,,,,小計,"33,250"
7/29/16,,,現金,現金,"84,070"
,,,,小計,"84,070"
7/30/16,,,現金,現金,"75,659"
,,,,小計,"75,659"
7/31/16,,,現金,現金,"55,689"
,,,,小計,"55,689"
8/1/16,,,現金,現金,"59,729"
,,,,小計,"59,729"
8/2/16,,,現金,現金,"87,130"
,,,,小計,"87,130"
8/3/16,,,現金,現金,"28,780"
,,,,小計,"28,780"
8/4/16,,,現金,現金,"43,700"
,,,,小計,"43,700"
8/5/16,,,現金,現金,"100,820"
,,,,小計,"100,820"
8/6/16,,,現金,現金,"26,950"
,,,,小計,"26,950"
8/7/16,,,現金,現金,"52,713"
,,,,小計,"52,713"
8/8/16,,,現金,現金,"63,099"
,,,,小計,"63,099"
8/9/16,,,現金,現金,"64,140"
,,,,小計,"64,140"
8/10/16,,,現金,現金,"45,210"
,,,,小計,"45,210"
8/11/16,,,現金,現金,"29,999"
,,,,小計,"29,999"
8/12/16,,,現金,現金,"38,308"
,,,,小計,"38,308"
8/13/16,,,現金,現金,"77,540"
,,,,小計,"77,540"
8/14/16,,,現金,現金,"56,100"
,,,,小計,"56,100"
8/15/16,,,現金,現金,"81,649"
,,,,小計,"81,649"
8/16/16,,,現金,現金,"28,610"
,,,,小計,"28,610"
8/17/16,,,現金,現金,"31,354"
,,,,小計,"31,354"
8/18/16,,,現金,現金,"19,930"
,,,,小計,"19,930"
8/19/16,,,現金,現金,"43,750"
,,,,小計,"43,750"
8/20/16,,,現金,現金,"92,119"
,,,,小計,"92,119"
8/21/16,,,現金,現金,"48,765"
,,,,小計,"48,765"
8/22/16,,,現金,現金,"55,387"
,,,,小計,"55,387"
8/23/16,,,現金,現金,"33,609"
,,,,小計,"33,609"
8/24/16,,,現金,現金,"67,247"
,,,,小計,"67,247"
8/25/16,,,現金,現金,"60,820"
,,,,小計,"60,820"
8/26/16,,,現金,現金,"72,090"
,,,,小計,"72,090"
8/27/16,,,現金,現金,"26,529"
,,,,小計,"26,529"
8/28/16,,,現金,現金,"52,189"
,,,,小計,"52,189"
8/29/16,,,現金,現金,"58,459"
,,,,小計,"58,459"
8/30/16,,,現金,現金,"202,110"
,,,信用卡,信用卡,590
,,,,小計,"202,700"
8/31/16,,,現金,現金,"51,760"
,,,,小計,"51,760"
9/1/16,,,現金,現金,"51,779"
,,,,小計,"51,779"
9/2/16,,,現金,現金,"66,540"
,,,,小計,"66,540"
9/3/16,,,現金,現金,"80,784"
,,,,小計,"80,784"
9/4/16,,,現金,現金,"64,789"
,,,,小計,"64,789"
9/5/16,,,現金,現金,"81,412"
,,,信用卡,信用卡,"5,200"
,,,,小計,"86,612"
9/6/16,,,現金,現金,"54,635"
,,,,小計,"54,635"
9/7/16,,,現金,現金,"101,238"
,,,,小計,"101,238"
9/8/16,,,現金,現金,"71,379"
,,,信用卡,信用卡,"1,580"
,,,,小計,"72,959"
9/9/16,,,現金,現金,"65,099"
,,,,小計,"65,099"
9/10/16,,,現金,現金,"65,260"
,,,,小計,"65,260"
9/11/16,,,現金,現金,"119,100"
,,,,小計,"119,100"
9/12/16,,,現金,現金,"35,150"
,,,,小計,"35,150"
9/13/16,,,現金,現金,"84,750"
,,,信用卡,信用卡,450
,,,,小計,"85,200"
9/14/16,,,現金,現金,"38,530"
,,,,小計,"38,530"
9/15/16,,,現金,現金,"60,470"
,,,,小計,"60,470"
9/16/16,,,現金,現金,"62,417"
,,,,小計,"62,417"
9/17/16,,,現金,現金,"60,550"
,,,,小計,"60,550"
9/18/16,,,現金,現金,"87,796"
,,,信用卡,信用卡,"1,900"
,,,,小計,"89,696"
9/19/16,,,現金,現金,"79,930"
,,,信用卡,信用卡,"5,390"
,,,,小計,"85,320"
9/20/16,,,現金,現金,"49,569"
,,,信用卡,信用卡,"4,800"
,,,,小計,"54,369"
9/21/16,,,現金,現金,"44,708"
,,,,小計,"44,708"
9/22/16,,,現金,現金,"20,100"
,,,信用卡,信用卡,"3,500"
,,,,小計,"23,600"
9/23/16,,,現金,現金,"58,409"
,,,,小計,"58,409"
9/24/16,,,現金,現金,"107,329"
,,,,小計,"107,329"
9/25/16,,,現金,現金,"43,309"
,,,,小計,"43,309"
9/26/16,,,現金,現金,"29,540"
,,,,小計,"29,540"
9/28/16,,,現金,現金,"43,589"
,,,,小計,"43,589"
9/29/16,,,現金,現金,"33,789"
,,,,小計,"33,789"
9/30/16,,,現金,現金,"26,680"
,,,,小計,"26,680"
10/1/16,,,現金,現金,"58,999"
,,,,小計,"58,999"
10/2/16,,,現金,現金,"91,209"
,,,,小計,"91,209"
10/3/16,,,現金,現金,"58,790"
,,,,小計,"58,790"
10/4/16,,,現金,現金,"44,735"
,,,,小計,"44,735"
10/5/16,,,現金,現金,"41,670"
,,,,小計,"41,670"
10/6/16,,,現金,現金,"46,140"
,,,,小計,"46,140"
10/7/16,,,現金,現金,"36,520"
,,,,小計,"36,520"
10/8/16,,,現金,現金,"124,950"
,,,,小計,"124,950"
10/9/16,,,現金,現金,"103,379"
,,,,小計,"103,379"
10/10/16,,,現金,現金,"66,160"
,,,,小計,"66,160"
10/11/16,,,現金,現金,"36,780"
,,,,小計,"36,780"
10/12/16,,,現金,現金,"45,434"
,,,信用卡,信用卡,"1,900"
,,,,小計,"47,334"
10/13/16,,,現金,現金,"33,250"
,,,,小計,"33,250"
10/14/16,,,現金,現金,"39,989"
,,,,小計,"39,989"
10/15/16,,,現金,現金,"75,134"
,,,,小計,"75,134"
10/16/16,,,現金,現金,"50,345"
,,,,小計,"50,345"
10/17/16,,,現金,現金,"23,770"
,,,,小計,"23,770"
10/24/16,,,現金,現金,"95,740"
,,,,小計,"95,740"
10/25/16,,,現金,現金,"53,779"
,,,信用卡,信用卡,"7,550"
,,,,小計,"61,329"
10/26/16,,,現金,現金,"31,610"
,,,,小計,"31,610"
10/27/16,,,現金,現金,"55,050"
,,,,小計,"55,050"
10/28/16,,,現金,現金,"75,280"
,,,,小計,"75,280"
11/1/16,,,現金,現金,"46,739"
,,,,小計,"46,739"
11/2/16,,,現金,現金,"41,395"
,,,,小計,"41,395"
11/3/16,,,現金,現金,"43,200"
,,,,小計,"43,200"
11/4/16,,,現金,現金,"61,910"
,,,,小計,"61,910"
11/5/16,,,現金,現金,"56,649"
,,,信用卡,信用卡,"5,040"
,,,,小計,"61,689"
11/6/16,,,現金,現金,"63,429"
,,,信用卡,信用卡,"11,900"
,,,,小計,"75,329"
11/7/16,,,現金,現金,"40,590"
,,,,小計,"40,590"
11/8/16,,,現金,現金,"51,270"
,,,,小計,"51,270"
11/9/16,,,現金,現金,"65,379"
,,,,小計,"65,379"
11/10/16,,,現金,現金,"68,120"
,,,,小計,"68,120"
11/11/16,,,現金,現金,"128,819"
,,,,小計,"128,819"
11/12/16,,,現金,現金,"177,574"
,,,,小計,"177,574"
11/13/16,,,現金,現金,"119,877"
,,,,小計,"119,877"
11/14/16,,,現金,現金,"38,243"
,,,,小計,"38,243"
11/15/16,,,現金,現金,"39,819"
,,,,小計,"39,819"
11/16/16,,,現金,現金,"49,720"
,,,,小計,"49,720"
11/17/16,,,現金,現金,"81,709"
,,,,小計,"81,709"
11/18/16,,,現金,現金,"104,978"
,,,,小計,"104,978"
11/19/16,,,現金,現金,"94,090"
,,,,小計,"94,090"
11/20/16,,,現金,現金,"50,629"
,,,,小計,"50,629"
11/21/16,,,現金,現金,"82,340"
,,,,小計,"82,340"
11/22/16,,,現金,現金,"48,750"
,,,,小計,"48,750"
11/23/16,,,現金,現金,"47,430"
,,,,小計,"47,430"
11/24/16,,,現金,現金,"32,828"
,,,,小計,"32,828"
11/25/16,,,現金,現金,"69,919"
,,,,小計,"69,919"
11/26/16,,,現金,現金,"134,280"
,,,,小計,"134,280"
11/27/16,,,現金,現金,"95,830"
,,,,小計,"95,830"
11/28/16,,,現金,現金,"55,110"
,,,,小計,"55,110"
11/29/16,,,現金,現金,"29,200"
,,,,小計,"29,200"
11/30/16,,,現金,現金,"40,540"
,,,,小計,"40,540"
12/1/16,,,現金,現金,"55,000"
,,,,小計,"55,000"
12/2/16,,,現金,現金,"134,800"
,,,,小計,"134,800"
12/3/16,,,現金,現金,"66,310"
,,,,小計,"66,310"
12/4/16,,,現金,現金,"41,950"
,,,,小計,"41,950"
12/5/16,,,現金,現金,"62,190"
,,,,小計,"62,190"
12/6/16,,,現金,現金,"43,448"
,,,,小計,"43,448"
12/7/16,,,現金,現金,"38,004"
,,,,小計,"38,004"
12/8/16,,,現金,現金,"56,565"
,,,,小計,"56,565"
12/9/16,,,現金,現金,"46,650"
,,,,小計,"46,650"
12/10/16,,,現金,現金,"61,740"
,,,,小計,"61,740"
12/11/16,,,現金,現金,"97,550"
,,,,小計,"97,550"
12/12/16,,,現金,現金,"37,749"
,,,,小計,"37,749"
12/13/16,,,現金,現金,"42,780"
,,,,小計,"42,780"
12/14/16,,,現金,現金,"25,810"
,,,,小計,"25,810"
12/15/16,,,現金,現金,"41,490"
,,,,小計,"41,490"
12/16/16,,,現金,現金,"59,330"
,,,,小計,"59,330"
12/17/16,,,現金,現金,"70,690"
,,,,小計,"70,690"
12/18/16,,,現金,現金,"74,639"
,,,,小計,"74,639"
12/19/16,,,現金,現金,"60,800"
,,,,小計,"60,800"
12/20/16,,,現金,現金,"39,580"
,,,,小計,"39,580"
12/21/16,,,現金,現金,"50,030"
,,,,小計,"50,030"
12/22/16,,,現金,現金,"30,620"
,,,信用卡,信用卡,"5,250"
,,,,小計,"35,870"
12/23/16,,,現金,現金,"103,180"
,,,,小計,"103,180"
12/24/16,,,現金,現金,"56,930"
,,,,小計,"56,930"
12/25/16,,,現金,現金,"17,120"
,,,,小計,"17,120"
7/1/16,,,現金,現金,"38,209"
,,,,小計,"38,209"
7/2/16,,,現金,現金,"37,668"
,,,,小計,"37,668"
7/3/16,,,現金,現金,"42,935"
,,,,小計,"42,935"
7/4/16,,,現金,現金,"63,040"
,,,,小計,"63,040"
7/5/16,,,現金,現金,"46,810"
,,,,小計,"46,810"
7/6/16,,,現金,現金,"46,750"
,,,,小計,"46,750"
7/7/16,,,現金,現金,"22,830"
,,,,小計,"22,830"
7/8/16,,,現金,現金,"24,770"
,,,,小計,"24,770"
7/9/16,,,現金,現金,"40,520"
,,,,小計,"40,520"
7/10/16,,,現金,現金,"18,465"
,,,,小計,"18,465"
7/11/16,,,現金,現金,"30,458"
,,,,小計,"30,458"
7/12/16,,,現金,現金,"107,779"
,,,,小計,"107,779"
7/13/16,,,現金,現金,"88,069"
,,,信用卡,信用卡,700
,,,,小計,"88,769"
7/14/16,,,現金,現金,"29,019"
,,,,小計,"29,019"
7/15/16,,,現金,現金,"60,260"
,,,,小計,"60,260"
7/16/16,,,現金,現金,"53,750"
,,,,小計,"53,750"
7/17/16,,,現金,現金,"79,059"
,,,,小計,"79,059"
7/18/16,,,現金,現金,"40,140"
,,,,小計,"40,140"
7/19/16,,,現金,現金,"42,830"
,,,,小計,"42,830"
7/20/16,,,現金,現金,"49,559"
,,,,小計,"49,559"
7/21/16,,,現金,現金,"22,989"
,,,,小計,"22,989"
7/22/16,,,現金,現金,"58,619"
,,,,小計,"58,619"
7/23/16,,,現金,現金,"119,310"
,,,,小計,"119,310"
7/24/16,,,現金,現金,"35,910"
,,,,小計,"35,910"
7/25/16,,,現金,現金,"63,290"
,,,,小計,"63,290"
7/26/16,,,現金,現金,"48,260"
,,,,小計,"48,260"
7/27/16,,,現金,現金,"52,320"
,,,,小計,"52,320"
7/28/16,,,現金,現金,"33,250"
,,,,小計,"33,250"
7/29/16,,,現金,現金,"84,070"
,,,,小計,"84,070"
7/30/16,,,現金,現金,"75,659"
,,,,小計,"75,659"
7/31/16,,,現金,現金,"55,689"
,,,,小計,"55,689"
8/1/16,,,現金,現金,"59,729"
,,,,小計,"59,729"
8/2/16,,,現金,現金,"87,130"
,,,,小計,"87,130"
8/3/16,,,現金,現金,"28,780"
,,,,小計,"28,780"
8/4/16,,,現金,現金,"43,700"
,,,,小計,"43,700"
8/5/16,,,現金,現金,"100,820"
,,,,小計,"100,820"
8/6/16,,,現金,現金,"26,950"
,,,,小計,"26,950"
8/7/16,,,現金,現金,"52,713"
,,,,小計,"52,713"
8/8/16,,,現金,現金,"63,099"
,,,,小計,"63,099"
8/9/16,,,現金,現金,"64,140"
,,,,小計,"64,140"
8/10/16,,,現金,現金,"45,210"
,,,,小計,"45,210"
8/11/16,,,現金,現金,"29,999"
,,,,小計,"29,999"
8/12/16,,,現金,現金,"38,308"
,,,,小計,"38,308"
8/13/16,,,現金,現金,"77,540"
,,,,小計,"77,540"
8/14/16,,,現金,現金,"56,100"
,,,,小計,"56,100"
8/15/16,,,現金,現金,"81,649"
,,,,小計,"81,649"
8/16/16,,,現金,現金,"28,610"
,,,,小計,"28,610"
8/17/16,,,現金,現金,"31,354"
,,,,小計,"31,354"
8/18/16,,,現金,現金,"19,930"
,,,,小計,"19,930"
8/19/16,,,現金,現金,"43,750"
,,,,小計,"43,750"
8/20/16,,,現金,現金,"92,119"
,,,,小計,"92,119"
8/21/16,,,現金,現金,"48,765"
,,,,小計,"48,765"
8/22/16,,,現金,現金,"55,387"
,,,,小計,"55,387"
8/23/16,,,現金,現金,"33,609"
,,,,小計,"33,609"
8/24/16,,,現金,現金,"67,247"
,,,,小計,"67,247"
8/25/16,,,現金,現金,"60,820"
,,,,小計,"60,820"
8/26/16,,,現金,現金,"72,090"
,,,,小計,"72,090"
8/27/16,,,現金,現金,"26,529"
,,,,小計,"26,529"
8/28/16,,,現金,現金,"52,189"
,,,,小計,"52,189"
8/29/16,,,現金,現金,"58,459"
,,,,小計,"58,459"
8/30/16,,,現金,現金,"202,110"
,,,信用卡,信用卡,590
,,,,小計,"202,700"
8/31/16,,,現金,現金,"51,760"
,,,,小計,"51,760"
9/1/16,,,現金,現金,"51,779"
,,,,小計,"51,779"
9/2/16,,,現金,現金,"66,540"
,,,,小計,"66,540"
9/3/16,,,現金,現金,"80,784"
,,,,小計,"80,784"
9/4/16,,,現金,現金,"64,789"
,,,,小計,"64,789"
9/5/16,,,現金,現金,"81,412"
,,,信用卡,信用卡,"5,200"
,,,,小計,"86,612"
9/6/16,,,現金,現金,"54,635"
,,,,小計,"54,635"
9/7/16,,,現金,現金,"101,238"
,,,,小計,"101,238"
9/8/16,,,現金,現金,"71,379"
,,,信用卡,信用卡,"1,580"
,,,,小計,"72,959"
9/9/16,,,現金,現金,"65,099"
,,,,小計,"65,099"
9/10/16,,,現金,現金,"65,260"
,,,,小計,"65,260"
9/11/16,,,現金,現金,"119,100"
,,,,小計,"119,100"
9/12/16,,,現金,現金,"35,150"
,,,,小計,"35,150"
9/13/16,,,現金,現金,"84,750"
,,,信用卡,信用卡,450
,,,,小計,"85,200"
9/14/16,,,現金,現金,"38,530"
,,,,小計,"38,530"
9/15/16,,,現金,現金,"60,470"
,,,,小計,"60,470"
9/16/16,,,現金,現金,"62,417"
,,,,小計,"62,417"
9/17/16,,,現金,現金,"60,550"
,,,,小計,"60,550"
9/18/16,,,現金,現金,"87,796"
,,,信用卡,信用卡,"1,900"
,,,,小計,"89,696"
9/19/16,,,現金,現金,"79,930"
,,,信用卡,信用卡,"5,390"
,,,,小計,"85,320"
9/20/16,,,現金,現金,"49,569"
,,,信用卡,信用卡,"4,800"
,,,,小計,"54,369"
9/21/16,,,現金,現金,"44,708"
,,,,小計,"44,708"
9/22/16,,,現金,現金,"20,100"
,,,信用卡,信用卡,"3,500"
,,,,小計,"23,600"
9/23/16,,,現金,現金,"58,409"
,,,,小計,"58,409"
9/24/16,,,現金,現金,"107,329"
,,,,小計,"107,329"
9/25/16,,,現金,現金,"43,309"
,,,,小計,"43,309"
9/26/16,,,現金,現金,"29,540"
,,,,小計,"29,540"
9/28/16,,,現金,現金,"43,589"
,,,,小計,"43,589"
9/29/16,,,現金,現金,"33,789"
,,,,小計,"33,789"
9/30/16,,,現金,現金,"26,680"
,,,,小計,"26,680"
1/1/17,,,現金,現金,"60,150"
,,,,小計,"60,150"
1/2/17,,,現金,現金,"74,720"
,,,,小計,"74,720"
1/3/17,,,現金,現金,"49,900"
,,,,小計,"49,900"
1/4/17,,,現金,現金,"38,270"
,,,,小計,"38,270"
1/5/17,,,現金,現金,"81,760"
,,,,小計,"81,760"
1/6/17,,,現金,現金,"125,270"
,,,,小計,"125,270"
1/7/17,,,現金,現金,"81,320"
,,,,小計,"81,320"
1/8/17,,,現金,現金,"61,780"
,,,信用卡,信用卡,"1,750"
,,,,小計,"63,530"
1/9/17,,,現金,現金,"68,400"
,,,信用卡,信用卡,"13,300"
,,,,小計,"81,700"
1/10/17,,,現金,現金,"63,750"
,,,,小計,"63,750"
1/11/17,,,現金,現金,"46,660"
,,,,小計,"46,660"
1/12/17,,,現金,現金,"66,040"
,,,,小計,"66,040"
1/13/17,,,現金,現金,"119,669"
,,,信用卡,信用卡,"1,000"
,,,,小計,"120,669"
1/14/17,,,現金,現金,"106,600"
,,,信用卡,信用卡,"2,500"
,,,,小計,"109,100"
1/15/17,,,現金,現金,"122,549"
,,,,小計,"122,549"
1/16/17,,,現金,現金,"113,610"
,,,,小計,"113,610"
1/17/17,,,現金,現金,"54,910"
,,,,小計,"54,910"
1/18/17,,,現金,現金,"29,180"
,,,,小計,"29,180"
1/19/17,,,現金,現金,"99,229"
,,,,小計,"99,229"
1/20/17,,,現金,現金,"58,519"
,,,,小計,"58,519"
1/21/17,,,現金,現金,"108,900"
,,,,小計,"108,900"
1/22/17,,,現金,現金,"46,330"
,,,信用卡,信用卡,"1,580"
,,,,小計,"47,910"
1/23/17,,,現金,現金,"95,458"
,,,,小計,"95,458"
1/24/17,,,現金,現金,"77,157"
,,,,小計,"77,157"
1/25/17,,,現金,現金,"40,995"
,,,,小計,"40,995"
1/26/17,,,現金,現金,"46,744"
,,,,小計,"46,744"
1/27/17,,,現金,現金,"49,530"
,,,,小計,"49,530"
1/28/17,,,現金,現金,"77,968"
,,,,小計,"77,968"
1/29/17,,,現金,現金,"89,308"
,,,,小計,"89,308"
1/30/17,,,現金,現金,"126,895"
,,,,小計,"126,895"
1/31/17,,,現金,現金,"92,677"
,,,,小計,"92,677"
2/1/17,,,現金,現金,"117,799"
,,,信用卡,信用卡,"3,200"
,,,,小計,"120,999"
2/2/17,,,現金,現金,"214,238"
,,,信用卡,信用卡,"1,360"
,,,,小計,"215,598"
2/3/17,,,現金,現金,"189,217"
,,,,小計,"189,217"
2/4/17,,,現金,現金,"128,384"
,,,信用卡,信用卡,"3,400"
,,,,小計,"131,784"
2/5/17,,,現金,現金,"102,040"
,,,,小計,"102,040"
2/6/17,,,現金,現金,"120,342"
,,,,小計,"120,342"
2/7/17,,,現金,現金,"196,427"
,,,,小計,"196,427"
2/8/17,,,現金,現金,"97,710"
,,,,小計,"97,710"
2/9/17,,,現金,現金,"85,150"
,,,,小計,"85,150"
2/10/17,,,現金,現金,"135,370"
,,,,小計,"135,370"
2/11/17,,,現金,現金,"163,980"
,,,,小計,"163,980"
2/12/17,,,現金,現金,"76,198"
,,,,小計,"76,198"
2/13/17,,,現金,現金,"108,703"
,,,,小計,"108,703"
2/14/17,,,現金,現金,"27,960"
,,,,小計,"27,960"
2/15/17,,,現金,現金,"14,290"
,,,信用卡,信用卡,"1,250"
,,,,小計,"15,540"
2/21/17,,,現金,現金,"54,030"
,,,,小計,"54,030"
2/22/17,,,現金,現金,"2,800"
,,,,小計,"2,800"
2/23/17,,,現金,現金,"19,250"
,,,,小計,"19,250"
2/24/17,,,現金,現金,"72,650"
,,,,小計,"72,650"